ChronologicalIndex,JiraVersionId,Version,ReleaseDate,GitTag,GitTagMatched,ReleaseCommit,ReleaseCommitDate,ResolutionMethod,DatasetIncluded
1,"12312343","0.9.0",2006-08-26,"",false,"dc1f0bf2046cf08d9484a287dee02ff058961ca4","2006-08-26T18:59:34Z","DATE_CUTOFF",true
2,"12312342","0.9.6",2006-11-29,"",false,"ca45e3292a7520b58bf31adf2b4ac099ce6416d6","2006-11-29T00:28:04Z","DATE_CUTOFF",true
3,"12312340","0.9.7",2007-04-27,"",false,"43c931014a4719ccebab8e7cd6173d45ee6bcaaf","2007-04-27T20:46:03Z","DATE_CUTOFF",true
4,"12312341","1.0.0",2007-08-28,"1.0.0",true,"065d3e2f59afff648660be408f864eca30153054","2007-08-28T23:05:26Z","DATE_CUTOFF",true
5,"12312687","1.0.1",2007-11-09,"1.0.1",true,"2895819d406139b89d90f3a6ab650180560e03bd","2007-11-08T00:09:55Z","DATE_CUTOFF",true
6,"12312846","1.0.2",2008-02-18,"1.0.2",true,"a7648a78c557498082be8b00f6e637066223d5e0","2008-02-18T18:25:55Z","DATE_CUTOFF",true
7,"12312344","1.1.0",2008-05-22,"1.1.0",true,"81fc3ab6051257667d115e120de98ed650d4d54d","2008-05-22T23:55:49Z","DATE_CUTOFF",true
8,"12312969","1.0.3",2008-07-23,"1.0.3",true,"37d610ca2ccf499479ea0cfb36ca91fcc5e0946e","2008-07-23T18:20:25Z","DATE_CUTOFF",true
9,"12313102","1.2.0",2008-08-12,"1.2.0",true,"404cbbf99bad44d769250020bc38a2f499d152ea","2008-08-12T21:58:19Z","DATE_CUTOFF",true
10,"12313328","1.2.1",2009-03-18,"1.2.1",true,"2edc92d97f4aaf69897a14e45f2b6b2a18f9ca46","2009-03-18T15:18:44Z","DATE_CUTOFF",true
11,"12313681","1.2.2",2010-01-18,"1.2.2",true,"f877a44a6391005960ab3a1517e6d2f8ab781ac7","2010-01-18T22:24:44Z","DATE_CUTOFF",true
12,"12314019","2.0.0",2010-04-22,"2.0.0",true,"6bc7930a1477f98192c064ed402ef43587997087","2010-04-22T16:34:31Z","DATE_CUTOFF",true
13,"12314532","2.0.1",2010-08-30,"2.0.1",true,"7569f437dbee125c690ea52cc817d81356099294","2010-08-28T11:52:47Z","DATE_CUTOFF",false
14,"12313301","1.0.4",2010-09-03,"1.0.4",true,"7569f437dbee125c690ea52cc817d81356099294","2010-08-28T11:52:47Z","DATE_CUTOFF",false
15,"12314542","2.1.0",2011-02-21,"2.1.0",true,"b44614d94b13f90d879aff00d0c8bd62f368529f","2011-02-21T16:06:05Z","DATE_CUTOFF",false
16,"12316191","2.1.1",2011-07-25,"2.1.1",true,"868035a54084e33f89c91845308b8c5fc3cc4495","2011-07-25T17:51:41Z","DATE_CUTOFF",false
17,"12315910","2.2.0",2012-02-20,"2.2.0",true,"408d8b4463214053557a0722bf9d976feb6e60a2","2012-02-20T20:37:05Z","DATE_CUTOFF",false
18,"12319943","2.2.1",2012-11-01,"2.2.1",true,"2980c1901e31114fcd53d204b0786cf1d6ea3494","2012-10-31T19:45:06Z","DATE_CUTOFF",false
19,"12314517","1.2.3",2013-04-17,"1.2.3",true,"8b75df3c9bf992d5b93cb2c5f0e81470860eaa1f","2013-04-16T18:04:55Z","DATE_CUTOFF",false
20,"12323356","2.2.2",2013-04-22,"2.2.2",true,"1869a7b07ef17e5dfa39649c34b89cf7287ba36d","2013-04-19T01:01:31Z","DATE_CUTOFF",false
21,"12319463","2.3.0",2013-11-24,"2.3.0",true,"74671312a5b287d67319ebe801a70e7b8f88c1a2","2013-11-24T22:39:53Z","DATE_CUTOFF",false
22,"12325298","2.4.0",2015-04-22,"2.4.0",true,"419a8afa9a62ccf7b211c2a9f4c75d1409ac38f0","2015-04-22T20:35:18Z","DATE_CUTOFF",false
23,"12332295","2.4.1",2016-02-21,"2.4.1",true,"07e28229519cead427ff2cd8b7e05a566c07f7f7","2016-02-15T17:19:11Z","DATE_CUTOFF",false
24,"12334871","2.4.2",2017-01-03,"2.4.2",true,"635dd436cf12d83d40f73fa2b9ac77780e085de8","2016-12-15T14:34:23Z","DATE_CUTOFF",false
25,"12338939","2.4.3",2018-06-12,"2.4.3",true,"ffe3fe4a5051632d15973a0084767612ab22ad17","2018-06-08T20:34:53Z","DATE_CUTOFF",false
26,"12338127","3.0.0",2018-06-12,"3.0.0",true,"ffe3fe4a5051632d15973a0084767612ab22ad17","2018-06-08T20:34:53Z","DATE_CUTOFF",false
27,"12343421","3.1.0",2019-04-14,"3.1.0",true,"9f26ed29bf31b5c8ab68c5257d42e8c88765cf9b","2019-04-10T20:13:15+02:00","DATE_CUTOFF",false
28,"12345232","3.1.1",2020-02-03,"3.1.1",true,"6a3395dc795e3f356f11039caaebdca3bf8c373b","2020-01-28T11:12:25+01:00","DATE_CUTOFF",false
29,"12346990","3.1.2",2020-07-13,"3.1.2",true,"0e32d4981abca26ea97d8e66c643b2bf5162d1e9","2020-07-13T17:21:38+02:00","DATE_CUTOFF",false
30,"12348547","3.2.0",2021-05-14,"3.2.0",true,"ba985ac8c7c1a02b2b999ff33567910bf536cb66","2021-05-10T19:19:33+02:00","DATE_CUTOFF",false
31,"12350116","3.2.1",2022-02-03,"3.2.1",true,"68b77e1ae7a078fa336d42b0ea6bf1c9b6e65dca","2022-02-03T11:08:53+01:00","DATE_CUTOFF",false
32,"12351466","3.2.2",2022-03-16,"3.2.2",true,"c3da147fc922dcd56c3a62c951bebac0d870d8cd","2022-03-16T09:25:57+01:00","DATE_CUTOFF",false
33,"12353166","4.0.0",2024-02-02,"4.0.0",true,"96005fcd25d5906e3d8c549cf8cb715998f47c13","2024-02-02T14:30:55+01:00","DATE_CUTOFF",false
34,"12354768","4.0.1",2024-09-19,"4.0.1",true,"4279df5e73e986331fd60af0e92e177c602e1a0d","2024-09-19T12:48:41+02:00","DATE_CUTOFF",false
35,"12355113","4.1.0",2025-03-24,"4.1.0",true,"b84673f5f7eadc42fa69765e79ded21a088db856","2025-03-24T12:40:57+01:00","DATE_CUTOFF",false
36,"12355805","4.1.1",2025-05-15,"4.1.1",true,"9d2f5f8c35691c3542606bea1d23b916bcbeda8d","2025-05-15T15:16:06+02:00","DATE_CUTOFF",false
