"Variant","SourceSHA256","SonarAnalysisKey","SonarRevision","SonarAnalysisDate","IssueKey","Rule","Type","IssueStatus","Severity","MaintainabilitySeverity","Line","Message"
"C0","F7D85F9663B68430521FBEDE824C273971BAEF790A3C5291A9F8E0B7BC64AC7A","2dd8b359-6c3b-4319-b6cd-84292bc62e14","1e480cc257c776f0c82bdff1af1e82b3ec72065d","2026-08-28T15:54:14+0000","AaAleRvSmNh_xRbasz57","java:S1181","CODE_SMELL","OPEN","MAJOR","MEDIUM","168","Catch Exception instead of Throwable."
"C0","F7D85F9663B68430521FBEDE824C273971BAEF790A3C5291A9F8E0B7BC64AC7A","2dd8b359-6c3b-4319-b6cd-84292bc62e14","1e480cc257c776f0c82bdff1af1e82b3ec72065d","2026-08-28T15:54:14+0000","AaAleRvSmNh_xRbasz58","java:S108","CODE_SMELL","OPEN","MAJOR","MEDIUM","186","Remove this block of code, fill it in, or add a comment explaining why it is empty."
"C0","F7D85F9663B68430521FBEDE824C273971BAEF790A3C5291A9F8E0B7BC64AC7A","2dd8b359-6c3b-4319-b6cd-84292bc62e14","1e480cc257c776f0c82bdff1af1e82b3ec72065d","2026-08-28T15:54:14+0000","AaAleRvSmNh_xRbasz52","java:S116","CODE_SMELL","OPEN","MINOR","LOW","226","Rename this field ""_backingFields"" to match the regular expression '^[a-z][a-zA-Z0-9]*$'."
"C0","F7D85F9663B68430521FBEDE824C273971BAEF790A3C5291A9F8E0B7BC64AC7A","2dd8b359-6c3b-4319-b6cd-84292bc62e14","1e480cc257c776f0c82bdff1af1e82b3ec72065d","2026-08-28T15:54:14+0000","AaAleRvSmNh_xRbasz53","java:S116","CODE_SMELL","OPEN","MINOR","LOW","227","Rename this field ""_attrsToFields"" to match the regular expression '^[a-z][a-zA-Z0-9]*$'."
"C0","F7D85F9663B68430521FBEDE824C273971BAEF790A3C5291A9F8E0B7BC64AC7A","2dd8b359-6c3b-4319-b6cd-84292bc62e14","1e480cc257c776f0c82bdff1af1e82b3ec72065d","2026-08-28T15:54:14+0000","AaAleRvSmNh_xRbasz54","java:S116","CODE_SMELL","OPEN","MINOR","LOW","228","Rename this field ""_fieldsToAttrs"" to match the regular expression '^[a-z][a-zA-Z0-9]*$'."
"C0","F7D85F9663B68430521FBEDE824C273971BAEF790A3C5291A9F8E0B7BC64AC7A","2dd8b359-6c3b-4319-b6cd-84292bc62e14","1e480cc257c776f0c82bdff1af1e82b3ec72065d","2026-08-28T15:54:14+0000","AaAleRvSmNh_xRbasz55","java:S116","CODE_SMELL","OPEN","MINOR","LOW","233","Rename this field ""_optimizeIdCopy"" to match the regular expression '^[a-z][a-zA-Z0-9]*$'."
"C0","F7D85F9663B68430521FBEDE824C273971BAEF790A3C5291A9F8E0B7BC64AC7A","2dd8b359-6c3b-4319-b6cd-84292bc62e14","1e480cc257c776f0c82bdff1af1e82b3ec72065d","2026-08-28T15:54:14+0000","AaAleRvSmNh_xRbasz59","java:S6355","CODE_SMELL","OPEN","MAJOR","MEDIUM","267","Add 'since' and/or 'forRemoval' arguments to the @Deprecated annotation."
"C0","F7D85F9663B68430521FBEDE824C273971BAEF790A3C5291A9F8E0B7BC64AC7A","2dd8b359-6c3b-4319-b6cd-84292bc62e14","1e480cc257c776f0c82bdff1af1e82b3ec72065d","2026-08-28T15:54:14+0000","AaAleRvSmNh_xRbasz5i","java:S1192","CODE_SMELL","OPEN","CRITICAL","HIGH","340","Define a constant instead of duplicating this literal ""$pcsubclass"" 3 times."
"C0","F7D85F9663B68430521FBEDE824C273971BAEF790A3C5291A9F8E0B7BC64AC7A","2dd8b359-6c3b-4319-b6cd-84292bc62e14","1e480cc257c776f0c82bdff1af1e82b3ec72065d","2026-08-28T15:54:14+0000","AaAleRvSmNh_xRbasz5-","java:S6355","CODE_SMELL","OPEN","MAJOR","MEDIUM","343","Add 'since' and/or 'forRemoval' arguments to the @Deprecated annotation."
"C0","F7D85F9663B68430521FBEDE824C273971BAEF790A3C5291A9F8E0B7BC64AC7A","2dd8b359-6c3b-4319-b6cd-84292bc62e14","1e480cc257c776f0c82bdff1af1e82b3ec72065d","2026-08-28T15:54:14+0000","AaAleRvSmNh_xRbasz6B","java:S3776","CODE_SMELL","OPEN","CRITICAL","HIGH","610","Refactor this method to reduce its Cognitive Complexity from 23 to the 15 allowed."
"C0","F7D85F9663B68430521FBEDE824C273971BAEF790A3C5291A9F8E0B7BC64AC7A","2dd8b359-6c3b-4319-b6cd-84292bc62e14","1e480cc257c776f0c82bdff1af1e82b3ec72065d","2026-08-28T15:54:14+0000","AaAleRvSmNh_xRbasz6C","java:S6213","CODE_SMELL","OPEN","MAJOR","MEDIUM","652","Rename this method to not match a restricted identifier."
"C0","F7D85F9663B68430521FBEDE824C273971BAEF790A3C5291A9F8E0B7BC64AC7A","2dd8b359-6c3b-4319-b6cd-84292bc62e14","1e480cc257c776f0c82bdff1af1e82b3ec72065d","2026-08-28T15:54:14+0000","AaAleRvSmNh_xRbasz6D","java:S6213","CODE_SMELL","OPEN","MAJOR","MEDIUM","663","Rename this method to not match a restricted identifier."
"C0","F7D85F9663B68430521FBEDE824C273971BAEF790A3C5291A9F8E0B7BC64AC7A","2dd8b359-6c3b-4319-b6cd-84292bc62e14","1e480cc257c776f0c82bdff1af1e82b3ec72065d","2026-08-28T15:54:14+0000","AaAleRvSmNh_xRbasz6E","java:S1659","CODE_SMELL","OPEN","MINOR","LOW","705","Declare ""setter"" on a separate line."
"C0","F7D85F9663B68430521FBEDE824C273971BAEF790A3C5291A9F8E0B7BC64AC7A","2dd8b359-6c3b-4319-b6cd-84292bc62e14","1e480cc257c776f0c82bdff1af1e82b3ec72065d","2026-08-28T15:54:14+0000","AaAleRvSmNh_xRbasz6F","java:S1659","CODE_SMELL","OPEN","MINOR","LOW","706","Declare ""assigned"" on a separate line."
"C0","F7D85F9663B68430521FBEDE824C273971BAEF790A3C5291A9F8E0B7BC64AC7A","2dd8b359-6c3b-4319-b6cd-84292bc62e14","1e480cc257c776f0c82bdff1af1e82b3ec72065d","2026-08-28T15:54:14+0000","AaAleRvSmNh_xRbasz5b","java:S135","CODE_SMELL","OPEN","MINOR","LOW","708","Reduce the total number of break and continue statements in this loop to use at most one."
"C0","F7D85F9663B68430521FBEDE824C273971BAEF790A3C5291A9F8E0B7BC64AC7A","2dd8b359-6c3b-4319-b6cd-84292bc62e14","1e480cc257c776f0c82bdff1af1e82b3ec72065d","2026-08-28T15:54:14+0000","AaAleRvSmNh_xRbasz6G","java:S1135","CODE_SMELL","OPEN","INFO","INFO","749","Complete the task associated to this TODO comment."
"C0","F7D85F9663B68430521FBEDE824C273971BAEF790A3C5291A9F8E0B7BC64AC7A","2dd8b359-6c3b-4319-b6cd-84292bc62e14","1e480cc257c776f0c82bdff1af1e82b3ec72065d","2026-08-28T15:54:14+0000","AaAleRvSmNh_xRbasz6H","java:S3878","CODE_SMELL","OPEN","MINOR","LOW","763","Remove this array creation and simply pass the elements."
"C0","F7D85F9663B68430521FBEDE824C273971BAEF790A3C5291A9F8E0B7BC64AC7A","2dd8b359-6c3b-4319-b6cd-84292bc62e14","1e480cc257c776f0c82bdff1af1e82b3ec72065d","2026-08-28T15:54:14+0000","AaAleRvSmNh_xRbasz6I","java:S1155","CODE_SMELL","OPEN","MINOR","LOW","818","Use isEmpty() to check whether the collection is empty or not."
"C0","F7D85F9663B68430521FBEDE824C273971BAEF790A3C5291A9F8E0B7BC64AC7A","2dd8b359-6c3b-4319-b6cd-84292bc62e14","1e480cc257c776f0c82bdff1af1e82b3ec72065d","2026-08-28T15:54:14+0000","AaAleRvSmNh_xRbasz6J","java:S3776","CODE_SMELL","OPEN","CRITICAL","HIGH","904","Refactor this method to reduce its Cognitive Complexity from 25 to the 15 allowed."
"C0","F7D85F9663B68430521FBEDE824C273971BAEF790A3C5291A9F8E0B7BC64AC7A","2dd8b359-6c3b-4319-b6cd-84292bc62e14","1e480cc257c776f0c82bdff1af1e82b3ec72065d","2026-08-28T15:54:14+0000","AaAleRvSmNh_xRbasz6K","java:S1659","CODE_SMELL","OPEN","MINOR","LOW","919","Declare ""earlierInsn"" on a separate line."
"C0","F7D85F9663B68430521FBEDE824C273971BAEF790A3C5291A9F8E0B7BC64AC7A","2dd8b359-6c3b-4319-b6cd-84292bc62e14","1e480cc257c776f0c82bdff1af1e82b3ec72065d","2026-08-28T15:54:14+0000","AaAleRvSmNh_xRbasz6L","java:S3776","CODE_SMELL","OPEN","CRITICAL","HIGH","1072","Refactor this method to reduce its Cognitive Complexity from 28 to the 15 allowed."
"C0","F7D85F9663B68430521FBEDE824C273971BAEF790A3C5291A9F8E0B7BC64AC7A","2dd8b359-6c3b-4319-b6cd-84292bc62e14","1e480cc257c776f0c82bdff1af1e82b3ec72065d","2026-08-28T15:54:14+0000","AaAleRvSmNh_xRbasz5w","java:S1192","CODE_SMELL","OPEN","CRITICAL","HIGH","1342","Define a constant instead of duplicating this literal ""ClearFields"" 3 times."
"C0","F7D85F9663B68430521FBEDE824C273971BAEF790A3C5291A9F8E0B7BC64AC7A","2dd8b359-6c3b-4319-b6cd-84292bc62e14","1e480cc257c776f0c82bdff1af1e82b3ec72065d","2026-08-28T15:54:14+0000","AaAleRvSmNh_xRbasz5f","java:S1192","CODE_SMELL","OPEN","CRITICAL","HIGH","1449","Define a constant instead of duplicating this literal ""CopyKeyFieldsFromObjectId"" 5 times."
"C0","F7D85F9663B68430521FBEDE824C273971BAEF790A3C5291A9F8E0B7BC64AC7A","2dd8b359-6c3b-4319-b6cd-84292bc62e14","1e480cc257c776f0c82bdff1af1e82b3ec72065d","2026-08-28T15:54:14+0000","AaAleRvSmNh_xRbasz5v","java:S1192","CODE_SMELL","OPEN","CRITICAL","HIGH","1464","Define a constant instead of duplicating this literal ""GetManagedFieldCount"" 3 times."
"C0","F7D85F9663B68430521FBEDE824C273971BAEF790A3C5291A9F8E0B7BC64AC7A","2dd8b359-6c3b-4319-b6cd-84292bc62e14","1e480cc257c776f0c82bdff1af1e82b3ec72065d","2026-08-28T15:54:14+0000","AaAleRvSmNh_xRbasz6M","java:S125","CODE_SMELL","OPEN","MAJOR","MEDIUM","1520","This block of commented-out lines of code should be removed."
"C0","F7D85F9663B68430521FBEDE824C273971BAEF790A3C5291A9F8E0B7BC64AC7A","2dd8b359-6c3b-4319-b6cd-84292bc62e14","1e480cc257c776f0c82bdff1af1e82b3ec72065d","2026-08-28T15:54:14+0000","AaAleRvSmNh_xRbasz6N","java:S125","CODE_SMELL","OPEN","MAJOR","MEDIUM","1582","This block of commented-out lines of code should be removed."
"C0","F7D85F9663B68430521FBEDE824C273971BAEF790A3C5291A9F8E0B7BC64AC7A","2dd8b359-6c3b-4319-b6cd-84292bc62e14","1e480cc257c776f0c82bdff1af1e82b3ec72065d","2026-08-28T15:54:14+0000","AaAleRvSmNh_xRbasz5U","java:S1199","CODE_SMELL","OPEN","MINOR","LOW","2102","Extract this nested code block into a method."
"C0","F7D85F9663B68430521FBEDE824C273971BAEF790A3C5291A9F8E0B7BC64AC7A","2dd8b359-6c3b-4319-b6cd-84292bc62e14","1e480cc257c776f0c82bdff1af1e82b3ec72065d","2026-08-28T15:54:14+0000","AaAleRvSmNh_xRbasz5x","java:S1192","CODE_SMELL","OPEN","CRITICAL","HIGH","2105","Define a constant instead of duplicating this literal ""CopyKeyFieldsToObjectId"" 4 times."
"C0","F7D85F9663B68430521FBEDE824C273971BAEF790A3C5291A9F8E0B7BC64AC7A","2dd8b359-6c3b-4319-b6cd-84292bc62e14","1e480cc257c776f0c82bdff1af1e82b3ec72065d","2026-08-28T15:54:14+0000","AaAleRvSmNh_xRbasz5V","java:S1199","CODE_SMELL","OPEN","MINOR","LOW","2112","Extract this nested code block into a method."
"C0","F7D85F9663B68430521FBEDE824C273971BAEF790A3C5291A9F8E0B7BC64AC7A","2dd8b359-6c3b-4319-b6cd-84292bc62e14","1e480cc257c776f0c82bdff1af1e82b3ec72065d","2026-08-28T15:54:14+0000","AaAleRvSmNh_xRbasz5W","java:S1199","CODE_SMELL","OPEN","MINOR","LOW","2122","Extract this nested code block into a method."
"C0","F7D85F9663B68430521FBEDE824C273971BAEF790A3C5291A9F8E0B7BC64AC7A","2dd8b359-6c3b-4319-b6cd-84292bc62e14","1e480cc257c776f0c82bdff1af1e82b3ec72065d","2026-08-28T15:54:14+0000","AaAleRvSmNh_xRbasz5X","java:S1199","CODE_SMELL","OPEN","MINOR","LOW","2132","Extract this nested code block into a method."
"C0","F7D85F9663B68430521FBEDE824C273971BAEF790A3C5291A9F8E0B7BC64AC7A","2dd8b359-6c3b-4319-b6cd-84292bc62e14","1e480cc257c776f0c82bdff1af1e82b3ec72065d","2026-08-28T15:54:14+0000","AaAleRvSmNh_xRbasz5Y","java:S1199","CODE_SMELL","OPEN","MINOR","LOW","2142","Extract this nested code block into a method."
"C0","F7D85F9663B68430521FBEDE824C273971BAEF790A3C5291A9F8E0B7BC64AC7A","2dd8b359-6c3b-4319-b6cd-84292bc62e14","1e480cc257c776f0c82bdff1af1e82b3ec72065d","2026-08-28T15:54:14+0000","AaAleRvSmNh_xRbasz5p","java:S1192","CODE_SMELL","OPEN","CRITICAL","HIGH","2145","Define a constant instead of duplicating this literal ""NewObjectIdInstance"" 4 times."
"C0","F7D85F9663B68430521FBEDE824C273971BAEF790A3C5291A9F8E0B7BC64AC7A","2dd8b359-6c3b-4319-b6cd-84292bc62e14","1e480cc257c776f0c82bdff1af1e82b3ec72065d","2026-08-28T15:54:14+0000","AaAleRvSmNh_xRbasz5Z","java:S1199","CODE_SMELL","OPEN","MINOR","LOW","2153","Extract this nested code block into a method."
"C0","F7D85F9663B68430521FBEDE824C273971BAEF790A3C5291A9F8E0B7BC64AC7A","2dd8b359-6c3b-4319-b6cd-84292bc62e14","1e480cc257c776f0c82bdff1af1e82b3ec72065d","2026-08-28T15:54:14+0000","AaAleRvSmNh_xRbasz6O","java:S3776","CODE_SMELL","OPEN","CRITICAL","HIGH","2170","Refactor this method to reduce its Cognitive Complexity from 99 to the 15 allowed."
"C0","F7D85F9663B68430521FBEDE824C273971BAEF790A3C5291A9F8E0B7BC64AC7A","2dd8b359-6c3b-4319-b6cd-84292bc62e14","1e480cc257c776f0c82bdff1af1e82b3ec72065d","2026-08-28T15:54:14+0000","AaAleRvSmNh_xRbasz5o","java:S1192","CODE_SMELL","OPEN","CRITICAL","HIGH","2216","Define a constant instead of duplicating this literal ""getId"" 21 times."
"C0","F7D85F9663B68430521FBEDE824C273971BAEF790A3C5291A9F8E0B7BC64AC7A","2dd8b359-6c3b-4319-b6cd-84292bc62e14","1e480cc257c776f0c82bdff1af1e82b3ec72065d","2026-08-28T15:54:14+0000","AaAleRvSmNh_xRbasz5t","java:S1192","CODE_SMELL","OPEN","CRITICAL","HIGH","2360","Define a constant instead of duplicating this literal ""findField"" 4 times."
"C0","F7D85F9663B68430521FBEDE824C273971BAEF790A3C5291A9F8E0B7BC64AC7A","2dd8b359-6c3b-4319-b6cd-84292bc62e14","1e480cc257c776f0c82bdff1af1e82b3ec72065d","2026-08-28T15:54:14+0000","AaAleRvSmNh_xRbasz6R","java:S3776","CODE_SMELL","OPEN","CRITICAL","HIGH","2458","Refactor this method to reduce its Cognitive Complexity from 37 to the 15 allowed."
"C0","F7D85F9663B68430521FBEDE824C273971BAEF790A3C5291A9F8E0B7BC64AC7A","2dd8b359-6c3b-4319-b6cd-84292bc62e14","1e480cc257c776f0c82bdff1af1e82b3ec72065d","2026-08-28T15:54:14+0000","AaAleRvSmNh_xRbasz6S","java:S1172","CODE_SMELL","OPEN","MAJOR","MEDIUM","2458","Remove this unused method parameter ""classNode""."
"C0","F7D85F9663B68430521FBEDE824C273971BAEF790A3C5291A9F8E0B7BC64AC7A","2dd8b359-6c3b-4319-b6cd-84292bc62e14","1e480cc257c776f0c82bdff1af1e82b3ec72065d","2026-08-28T15:54:14+0000","AaAleRvSmNh_xRbasz6T","java:S125","CODE_SMELL","OPEN","MAJOR","MEDIUM","2459","This block of commented-out lines of code should be removed."
"C0","F7D85F9663B68430521FBEDE824C273971BAEF790A3C5291A9F8E0B7BC64AC7A","2dd8b359-6c3b-4319-b6cd-84292bc62e14","1e480cc257c776f0c82bdff1af1e82b3ec72065d","2026-08-28T15:54:14+0000","AaAleRvSmNh_xRbasz6U","java:S3776","CODE_SMELL","OPEN","CRITICAL","HIGH","2740","Refactor this method to reduce its Cognitive Complexity from 107 to the 15 allowed."
"C0","F7D85F9663B68430521FBEDE824C273971BAEF790A3C5291A9F8E0B7BC64AC7A","2dd8b359-6c3b-4319-b6cd-84292bc62e14","1e480cc257c776f0c82bdff1af1e82b3ec72065d","2026-08-28T15:54:14+0000","AaAleRvSmNh_xRbasz6V","java:S1181","CODE_SMELL","OPEN","MAJOR","MEDIUM","2997","Catch Exception instead of Throwable."
"C0","F7D85F9663B68430521FBEDE824C273971BAEF790A3C5291A9F8E0B7BC64AC7A","2dd8b359-6c3b-4319-b6cd-84292bc62e14","1e480cc257c776f0c82bdff1af1e82b3ec72065d","2026-08-28T15:54:14+0000","AaAleRvSmNh_xRbasz6W","java:S108","CODE_SMELL","OPEN","MAJOR","MEDIUM","2997","Remove this block of code, fill it in, or add a comment explaining why it is empty."
"C0","F7D85F9663B68430521FBEDE824C273971BAEF790A3C5291A9F8E0B7BC64AC7A","2dd8b359-6c3b-4319-b6cd-84292bc62e14","1e480cc257c776f0c82bdff1af1e82b3ec72065d","2026-08-28T15:54:14+0000","AaAleRvSmNh_xRbasz6X","java:S1181","CODE_SMELL","OPEN","MAJOR","MEDIUM","3003","Catch Exception instead of Throwable."
"C0","F7D85F9663B68430521FBEDE824C273971BAEF790A3C5291A9F8E0B7BC64AC7A","2dd8b359-6c3b-4319-b6cd-84292bc62e14","1e480cc257c776f0c82bdff1af1e82b3ec72065d","2026-08-28T15:54:14+0000","AaAleRvSmNh_xRbasz6Y","java:S108","CODE_SMELL","OPEN","MAJOR","MEDIUM","3003","Remove this block of code, fill it in, or add a comment explaining why it is empty."
"C0","F7D85F9663B68430521FBEDE824C273971BAEF790A3C5291A9F8E0B7BC64AC7A","2dd8b359-6c3b-4319-b6cd-84292bc62e14","1e480cc257c776f0c82bdff1af1e82b3ec72065d","2026-08-28T15:54:14+0000","AaAleRvSmNh_xRbasz6Z","java:S3776","CODE_SMELL","OPEN","CRITICAL","HIGH","3073","Refactor this method to reduce its Cognitive Complexity from 31 to the 15 allowed."
"C0","F7D85F9663B68430521FBEDE824C273971BAEF790A3C5291A9F8E0B7BC64AC7A","2dd8b359-6c3b-4319-b6cd-84292bc62e14","1e480cc257c776f0c82bdff1af1e82b3ec72065d","2026-08-28T15:54:14+0000","AaAleRvSmNh_xRbasz5l","java:S1192","CODE_SMELL","OPEN","CRITICAL","HIGH","3106","Define a constant instead of duplicating this literal ""GetIDOwningClass"" 3 times."
"C0","F7D85F9663B68430521FBEDE824C273971BAEF790A3C5291A9F8E0B7BC64AC7A","2dd8b359-6c3b-4319-b6cd-84292bc62e14","1e480cc257c776f0c82bdff1af1e82b3ec72065d","2026-08-28T15:54:14+0000","AaAleRvSmNh_xRbasz5k","java:S1192","CODE_SMELL","OPEN","CRITICAL","HIGH","3337","Define a constant instead of duplicating this literal ""FieldNames"" 3 times."
"C0","F7D85F9663B68430521FBEDE824C273971BAEF790A3C5291A9F8E0B7BC64AC7A","2dd8b359-6c3b-4319-b6cd-84292bc62e14","1e480cc257c776f0c82bdff1af1e82b3ec72065d","2026-08-28T15:54:14+0000","AaAleRvSmNh_xRbasz5u","java:S1192","CODE_SMELL","OPEN","CRITICAL","HIGH","3339","Define a constant instead of duplicating this literal ""FieldTypes"" 3 times."
"C0","F7D85F9663B68430521FBEDE824C273971BAEF790A3C5291A9F8E0B7BC64AC7A","2dd8b359-6c3b-4319-b6cd-84292bc62e14","1e480cc257c776f0c82bdff1af1e82b3ec72065d","2026-08-28T15:54:14+0000","AaAleRvSmNh_xRbasz5d","java:S1192","CODE_SMELL","OPEN","CRITICAL","HIGH","3341","Define a constant instead of duplicating this literal ""FieldFlags"" 3 times."
"C0","F7D85F9663B68430521FBEDE824C273971BAEF790A3C5291A9F8E0B7BC64AC7A","2dd8b359-6c3b-4319-b6cd-84292bc62e14","1e480cc257c776f0c82bdff1af1e82b3ec72065d","2026-08-28T15:54:14+0000","AaAleRvSmNh_xRbasz6a","java:S1181","CODE_SMELL","OPEN","MAJOR","MEDIUM","3528","Catch Exception instead of Throwable."
"C0","F7D85F9663B68430521FBEDE824C273971BAEF790A3C5291A9F8E0B7BC64AC7A","2dd8b359-6c3b-4319-b6cd-84292bc62e14","1e480cc257c776f0c82bdff1af1e82b3ec72065d","2026-08-28T15:54:14+0000","AaAleRvSmNh_xRbasz50","java:S1192","CODE_SMELL","OPEN","CRITICAL","HIGH","3551","Define a constant instead of duplicating this literal ""writeObject"" 6 times."
"C0","F7D85F9663B68430521FBEDE824C273971BAEF790A3C5291A9F8E0B7BC64AC7A","2dd8b359-6c3b-4319-b6cd-84292bc62e14","1e480cc257c776f0c82bdff1af1e82b3ec72065d","2026-08-28T15:54:14+0000","AaAleRvSmNh_xRbasz5e","java:S1192","CODE_SMELL","OPEN","CRITICAL","HIGH","3569","Define a constant instead of duplicating this literal ""readObject"" 6 times."
"C0","F7D85F9663B68430521FBEDE824C273971BAEF790A3C5291A9F8E0B7BC64AC7A","2dd8b359-6c3b-4319-b6cd-84292bc62e14","1e480cc257c776f0c82bdff1af1e82b3ec72065d","2026-08-28T15:54:14+0000","AaAleRvSmNh_xRbasz5s","java:S1192","CODE_SMELL","OPEN","CRITICAL","HIGH","3680","Define a constant instead of duplicating this literal ""SetDetachedState"" 4 times."
"C0","F7D85F9663B68430521FBEDE824C273971BAEF790A3C5291A9F8E0B7BC64AC7A","2dd8b359-6c3b-4319-b6cd-84292bc62e14","1e480cc257c776f0c82bdff1af1e82b3ec72065d","2026-08-28T15:54:14+0000","AaAleRvSmNh_xRbasz6b","java:S3776","CODE_SMELL","OPEN","CRITICAL","HIGH","3765","Refactor this method to reduce its Cognitive Complexity from 32 to the 15 allowed."
"C0","F7D85F9663B68430521FBEDE824C273971BAEF790A3C5291A9F8E0B7BC64AC7A","2dd8b359-6c3b-4319-b6cd-84292bc62e14","1e480cc257c776f0c82bdff1af1e82b3ec72065d","2026-08-28T15:54:14+0000","AaAleRvSmNh_xRbasz5r","java:S1192","CODE_SMELL","OPEN","CRITICAL","HIGH","3770","Define a constant instead of duplicating this literal ""FALSE"" 6 times."
"C0","F7D85F9663B68430521FBEDE824C273971BAEF790A3C5291A9F8E0B7BC64AC7A","2dd8b359-6c3b-4319-b6cd-84292bc62e14","1e480cc257c776f0c82bdff1af1e82b3ec72065d","2026-08-28T15:54:14+0000","AaAleRvSmNh_xRbasz6c","java:S125","CODE_SMELL","OPEN","MAJOR","MEDIUM","3798","This block of commented-out lines of code should be removed."
"C0","F7D85F9663B68430521FBEDE824C273971BAEF790A3C5291A9F8E0B7BC64AC7A","2dd8b359-6c3b-4319-b6cd-84292bc62e14","1e480cc257c776f0c82bdff1af1e82b3ec72065d","2026-08-28T15:54:14+0000","AaAleRvSmNh_xRbasz51","java:S1192","CODE_SMELL","OPEN","CRITICAL","HIGH","3813","Define a constant instead of duplicating this literal ""GetDetachedState"" 5 times."
"C0","F7D85F9663B68430521FBEDE824C273971BAEF790A3C5291A9F8E0B7BC64AC7A","2dd8b359-6c3b-4319-b6cd-84292bc62e14","1e480cc257c776f0c82bdff1af1e82b3ec72065d","2026-08-28T15:54:14+0000","AaAleRvSmNh_xRbasz5n","java:S1192","CODE_SMELL","OPEN","CRITICAL","HIGH","4041","Define a constant instead of duplicating this literal ""<clinit>"" 3 times."
"C0","F7D85F9663B68430521FBEDE824C273971BAEF790A3C5291A9F8E0B7BC64AC7A","2dd8b359-6c3b-4319-b6cd-84292bc62e14","1e480cc257c776f0c82bdff1af1e82b3ec72065d","2026-08-28T15:54:14+0000","AaAleRvSmNh_xRbasz5q","java:S1192","CODE_SMELL","OPEN","CRITICAL","HIGH","4075","Define a constant instead of duplicating this literal ""clone"" 4 times."
"C0","F7D85F9663B68430521FBEDE824C273971BAEF790A3C5291A9F8E0B7BC64AC7A","2dd8b359-6c3b-4319-b6cd-84292bc62e14","1e480cc257c776f0c82bdff1af1e82b3ec72065d","2026-08-28T15:54:14+0000","AaAleRvSmNh_xRbasz5R","java:S1066","CODE_SMELL","OPEN","MAJOR","MEDIUM","4091","Merge this if statement with the enclosing one."
"C0","F7D85F9663B68430521FBEDE824C273971BAEF790A3C5291A9F8E0B7BC64AC7A","2dd8b359-6c3b-4319-b6cd-84292bc62e14","1e480cc257c776f0c82bdff1af1e82b3ec72065d","2026-08-28T15:54:14+0000","AaAleRvSmNh_xRbasz56","java:S1845","CODE_SMELL","OPEN","BLOCKER","BLOCKER","4524","Rename method ""getfield"" to prevent any misunderstanding/clash with method ""getField""."
"C0","F7D85F9663B68430521FBEDE824C273971BAEF790A3C5291A9F8E0B7BC64AC7A","2dd8b359-6c3b-4319-b6cd-84292bc62e14","1e480cc257c776f0c82bdff1af1e82b3ec72065d","2026-08-28T15:54:14+0000","AaAleRvSmNh_xRbasz6d","java:S1940","CODE_SMELL","OPEN","MINOR","LOW","4529","Use the opposite operator (""<="") instead."
"C0","F7D85F9663B68430521FBEDE824C273971BAEF790A3C5291A9F8E0B7BC64AC7A","2dd8b359-6c3b-4319-b6cd-84292bc62e14","1e480cc257c776f0c82bdff1af1e82b3ec72065d","2026-08-28T15:54:14+0000","AaAleRvSmNh_xRbasz6e","java:S125","CODE_SMELL","OPEN","MAJOR","MEDIUM","4534","This block of commented-out lines of code should be removed."
"C0","F7D85F9663B68430521FBEDE824C273971BAEF790A3C5291A9F8E0B7BC64AC7A","2dd8b359-6c3b-4319-b6cd-84292bc62e14","1e480cc257c776f0c82bdff1af1e82b3ec72065d","2026-08-28T15:54:14+0000","AaAleRvSmNh_xRbasz6f","java:S125","CODE_SMELL","OPEN","MAJOR","MEDIUM","4544","This block of commented-out lines of code should be removed."
"C0","F7D85F9663B68430521FBEDE824C273971BAEF790A3C5291A9F8E0B7BC64AC7A","2dd8b359-6c3b-4319-b6cd-84292bc62e14","1e480cc257c776f0c82bdff1af1e82b3ec72065d","2026-08-28T15:54:14+0000","AaAleRvSmNh_xRbasz6i","java:S3776","CODE_SMELL","OPEN","CRITICAL","HIGH","4671","Refactor this method to reduce its Cognitive Complexity from 17 to the 15 allowed."
"C0","F7D85F9663B68430521FBEDE824C273971BAEF790A3C5291A9F8E0B7BC64AC7A","2dd8b359-6c3b-4319-b6cd-84292bc62e14","1e480cc257c776f0c82bdff1af1e82b3ec72065d","2026-08-28T15:54:14+0000","AaAleRvSmNh_xRbasz5m","java:S1192","CODE_SMELL","OPEN","CRITICAL","HIGH","4709","Define a constant instead of duplicating this literal ""readExternal"" 3 times."
"C0","F7D85F9663B68430521FBEDE824C273971BAEF790A3C5291A9F8E0B7BC64AC7A","2dd8b359-6c3b-4319-b6cd-84292bc62e14","1e480cc257c776f0c82bdff1af1e82b3ec72065d","2026-08-28T15:54:14+0000","AaAleRvSmNh_xRbasz5z","java:S1192","CODE_SMELL","OPEN","CRITICAL","HIGH","4713","Define a constant instead of duplicating this literal ""writeExternal"" 3 times."
"C0","F7D85F9663B68430521FBEDE824C273971BAEF790A3C5291A9F8E0B7BC64AC7A","2dd8b359-6c3b-4319-b6cd-84292bc62e14","1e480cc257c776f0c82bdff1af1e82b3ec72065d","2026-08-28T15:54:14+0000","AaAleRvSmNh_xRbasz5j","java:S1192","CODE_SMELL","OPEN","CRITICAL","HIGH","4771","Define a constant instead of duplicating this literal ""ReadUnmanaged"" 3 times."
"C0","F7D85F9663B68430521FBEDE824C273971BAEF790A3C5291A9F8E0B7BC64AC7A","2dd8b359-6c3b-4319-b6cd-84292bc62e14","1e480cc257c776f0c82bdff1af1e82b3ec72065d","2026-08-28T15:54:14+0000","AaAleRvSmNh_xRbasz6j","java:S125","CODE_SMELL","OPEN","MAJOR","MEDIUM","4804","This block of commented-out lines of code should be removed."
"C0","F7D85F9663B68430521FBEDE824C273971BAEF790A3C5291A9F8E0B7BC64AC7A","2dd8b359-6c3b-4319-b6cd-84292bc62e14","1e480cc257c776f0c82bdff1af1e82b3ec72065d","2026-08-28T15:54:14+0000","AaAleRvSmNh_xRbasz5g","java:S1192","CODE_SMELL","OPEN","CRITICAL","HIGH","4809","Define a constant instead of duplicating this literal ""readExternalFields"" 3 times."
"C0","F7D85F9663B68430521FBEDE824C273971BAEF790A3C5291A9F8E0B7BC64AC7A","2dd8b359-6c3b-4319-b6cd-84292bc62e14","1e480cc257c776f0c82bdff1af1e82b3ec72065d","2026-08-28T15:54:14+0000","AaAleRvSmNh_xRbasz5a","java:S112","CODE_SMELL","OPEN","MAJOR","MEDIUM","4917","Replace generic exceptions with specific library exceptions or a custom exception."
"C0","F7D85F9663B68430521FBEDE824C273971BAEF790A3C5291A9F8E0B7BC64AC7A","2dd8b359-6c3b-4319-b6cd-84292bc62e14","1e480cc257c776f0c82bdff1af1e82b3ec72065d","2026-08-28T15:54:14+0000","AaAleRvSmNh_xRbasz5y","java:S1192","CODE_SMELL","OPEN","CRITICAL","HIGH","4983","Define a constant instead of duplicating this literal ""WriteUnmanaged"" 3 times."
"C0","F7D85F9663B68430521FBEDE824C273971BAEF790A3C5291A9F8E0B7BC64AC7A","2dd8b359-6c3b-4319-b6cd-84292bc62e14","1e480cc257c776f0c82bdff1af1e82b3ec72065d","2026-08-28T15:54:14+0000","AaAleRvSmNh_xRbasz5h","java:S1192","CODE_SMELL","OPEN","CRITICAL","HIGH","5040","Define a constant instead of duplicating this literal ""writeExternalFields"" 3 times."
"C0","F7D85F9663B68430521FBEDE824C273971BAEF790A3C5291A9F8E0B7BC64AC7A","2dd8b359-6c3b-4319-b6cd-84292bc62e14","1e480cc257c776f0c82bdff1af1e82b3ec72065d","2026-08-28T15:54:14+0000","AaAleRvSmNh_xRbasz5S","java:S1488","CODE_SMELL","OPEN","MINOR","LOW","5334","Immediately return this expression instead of assigning it to the temporary variable ""getter""."
"C0","F7D85F9663B68430521FBEDE824C273971BAEF790A3C5291A9F8E0B7BC64AC7A","2dd8b359-6c3b-4319-b6cd-84292bc62e14","1e480cc257c776f0c82bdff1af1e82b3ec72065d","2026-08-28T15:54:14+0000","AaAleRvSmNh_xRbasz5T","java:S1488","CODE_SMELL","OPEN","MINOR","LOW","5391","Immediately return this expression instead of assigning it to the temporary variable ""setter""."
"C0","F7D85F9663B68430521FBEDE824C273971BAEF790A3C5291A9F8E0B7BC64AC7A","2dd8b359-6c3b-4319-b6cd-84292bc62e14","1e480cc257c776f0c82bdff1af1e82b3ec72065d","2026-08-28T15:54:14+0000","AaAleRvSmNh_xRbasz6k","java:S1168","CODE_SMELL","OPEN","MAJOR","MEDIUM","5710","Return an empty collection instead of null."
"C0","F7D85F9663B68430521FBEDE824C273971BAEF790A3C5291A9F8E0B7BC64AC7A","2dd8b359-6c3b-4319-b6cd-84292bc62e14","1e480cc257c776f0c82bdff1af1e82b3ec72065d","2026-08-28T15:54:14+0000","AaAleRvSmNh_xRbasz6l","java:S1168","CODE_SMELL","OPEN","MAJOR","MEDIUM","5715","Return an empty collection instead of null."
"C0","F7D85F9663B68430521FBEDE824C273971BAEF790A3C5291A9F8E0B7BC64AC7A","2dd8b359-6c3b-4319-b6cd-84292bc62e14","1e480cc257c776f0c82bdff1af1e82b3ec72065d","2026-08-28T15:54:14+0000","AaAleRvSmNh_xRbasz6m","java:S1168","CODE_SMELL","OPEN","MAJOR","MEDIUM","5722","Return an empty collection instead of null."
"C0","F7D85F9663B68430521FBEDE824C273971BAEF790A3C5291A9F8E0B7BC64AC7A","2dd8b359-6c3b-4319-b6cd-84292bc62e14","1e480cc257c776f0c82bdff1af1e82b3ec72065d","2026-08-28T15:54:14+0000","AaAleRvSmNh_xRbasz6n","java:S1155","CODE_SMELL","OPEN","MINOR","LOW","5725","Use isEmpty() to check whether the collection is empty or not."
"C0","F7D85F9663B68430521FBEDE824C273971BAEF790A3C5291A9F8E0B7BC64AC7A","2dd8b359-6c3b-4319-b6cd-84292bc62e14","1e480cc257c776f0c82bdff1af1e82b3ec72065d","2026-08-28T15:54:14+0000","AaAleRvSmNh_xRbasz6o","java:S3776","CODE_SMELL","OPEN","CRITICAL","HIGH","5736","Refactor this method to reduce its Cognitive Complexity from 30 to the 15 allowed."
"C0","F7D85F9663B68430521FBEDE824C273971BAEF790A3C5291A9F8E0B7BC64AC7A","2dd8b359-6c3b-4319-b6cd-84292bc62e14","1e480cc257c776f0c82bdff1af1e82b3ec72065d","2026-08-28T15:54:14+0000","AaAleRvSmNh_xRbasz6p","java:S1168","CODE_SMELL","OPEN","MAJOR","MEDIUM","5743","Return an empty array instead of null."
"C0","F7D85F9663B68430521FBEDE824C273971BAEF790A3C5291A9F8E0B7BC64AC7A","2dd8b359-6c3b-4319-b6cd-84292bc62e14","1e480cc257c776f0c82bdff1af1e82b3ec72065d","2026-08-28T15:54:14+0000","AaAleRvSmNh_xRbasz5c","java:S135","CODE_SMELL","OPEN","MINOR","LOW","5747","Reduce the total number of break and continue statements in this loop to use at most one."
"C0","F7D85F9663B68430521FBEDE824C273971BAEF790A3C5291A9F8E0B7BC64AC7A","2dd8b359-6c3b-4319-b6cd-84292bc62e14","1e480cc257c776f0c82bdff1af1e82b3ec72065d","2026-08-28T15:54:14+0000","AaAleRvSmNh_xRbasz6q","java:S1168","CODE_SMELL","OPEN","MAJOR","MEDIUM","5802","Return an empty array instead of null."
"C0","F7D85F9663B68430521FBEDE824C273971BAEF790A3C5291A9F8E0B7BC64AC7A","2dd8b359-6c3b-4319-b6cd-84292bc62e14","1e480cc257c776f0c82bdff1af1e82b3ec72065d","2026-08-28T15:54:14+0000","AaALPZMXTV2yRQvmS5BZ","java:S125","CODE_SMELL","OPEN","MAJOR","MEDIUM","1611","This block of commented-out lines of code should be removed."
"C0","F7D85F9663B68430521FBEDE824C273971BAEF790A3C5291A9F8E0B7BC64AC7A","2dd8b359-6c3b-4319-b6cd-84292bc62e14","1e480cc257c776f0c82bdff1af1e82b3ec72065d","2026-08-28T15:54:14+0000","AaALOanhQulb_Xfn-xTw","java:S116","CODE_SMELL","OPEN","MINOR","LOW","202","Rename this field ""_addVersionInitFlag"" to match the regular expression '^[a-z][a-zA-Z0-9]*$'."
"C0","F7D85F9663B68430521FBEDE824C273971BAEF790A3C5291A9F8E0B7BC64AC7A","2dd8b359-6c3b-4319-b6cd-84292bc62e14","1e480cc257c776f0c82bdff1af1e82b3ec72065d","2026-08-28T15:54:14+0000","AaALOanhQulb_Xfn-xT1","java:S125","CODE_SMELL","OPEN","MAJOR","MEDIUM","2806","This block of commented-out lines of code should be removed."
"C0","F7D85F9663B68430521FBEDE824C273971BAEF790A3C5291A9F8E0B7BC64AC7A","2dd8b359-6c3b-4319-b6cd-84292bc62e14","1e480cc257c776f0c82bdff1af1e82b3ec72065d","2026-08-28T15:54:14+0000","AaALOanhQulb_Xfn-xT5","java:S125","CODE_SMELL","OPEN","MAJOR","MEDIUM","3871","This block of commented-out lines of code should be removed."
"C0","F7D85F9663B68430521FBEDE824C273971BAEF790A3C5291A9F8E0B7BC64AC7A","2dd8b359-6c3b-4319-b6cd-84292bc62e14","1e480cc257c776f0c82bdff1af1e82b3ec72065d","2026-08-28T15:54:14+0000","AaALOanhQulb_Xfn-xT6","java:S125","CODE_SMELL","OPEN","MAJOR","MEDIUM","3877","This block of commented-out lines of code should be removed."
"C0","F7D85F9663B68430521FBEDE824C273971BAEF790A3C5291A9F8E0B7BC64AC7A","2dd8b359-6c3b-4319-b6cd-84292bc62e14","1e480cc257c776f0c82bdff1af1e82b3ec72065d","2026-08-28T15:54:14+0000","AaALOanhQulb_Xfn-xT0","java:S125","CODE_SMELL","OPEN","MAJOR","MEDIUM","4391","This block of commented-out lines of code should be removed."
"C0","F7D85F9663B68430521FBEDE824C273971BAEF790A3C5291A9F8E0B7BC64AC7A","2dd8b359-6c3b-4319-b6cd-84292bc62e14","1e480cc257c776f0c82bdff1af1e82b3ec72065d","2026-08-28T15:54:14+0000","AaALMFD81r5TurFMiUn-","java:S125","CODE_SMELL","OPEN","MAJOR","MEDIUM","3745","This block of commented-out lines of code should be removed."
"C0","F7D85F9663B68430521FBEDE824C273971BAEF790A3C5291A9F8E0B7BC64AC7A","2dd8b359-6c3b-4319-b6cd-84292bc62e14","1e480cc257c776f0c82bdff1af1e82b3ec72065d","2026-08-28T15:54:14+0000","AaALJ3Ze1r5TurFMiGnG","java:S3776","CODE_SMELL","OPEN","CRITICAL","HIGH","3500","Refactor this method to reduce its Cognitive Complexity from 16 to the 15 allowed."
"C0","F7D85F9663B68430521FBEDE824C273971BAEF790A3C5291A9F8E0B7BC64AC7A","2dd8b359-6c3b-4319-b6cd-84292bc62e14","1e480cc257c776f0c82bdff1af1e82b3ec72065d","2026-08-28T15:54:14+0000","AaAleRvSmNh_xRbasz6h","java:S1905","CODE_SMELL","OPEN","MINOR","LOW","4661","Remove this unnecessary cast to ""String""."
"C0","F7D85F9663B68430521FBEDE824C273971BAEF790A3C5291A9F8E0B7BC64AC7A","2dd8b359-6c3b-4319-b6cd-84292bc62e14","1e480cc257c776f0c82bdff1af1e82b3ec72065d","2026-08-28T15:54:14+0000","AaALJJ9gKije7nS94ker","java:S116","CODE_SMELL","OPEN","MINOR","LOW","220","Rename this field ""_redefine"" to match the regular expression '^[a-z][a-zA-Z0-9]*$'."
"C0","F7D85F9663B68430521FBEDE824C273971BAEF790A3C5291A9F8E0B7BC64AC7A","2dd8b359-6c3b-4319-b6cd-84292bc62e14","1e480cc257c776f0c82bdff1af1e82b3ec72065d","2026-08-28T15:54:14+0000","AaALJJ9gKije7nS94kes","java:S116","CODE_SMELL","OPEN","MINOR","LOW","221","Rename this field ""_subclass"" to match the regular expression '^[a-z][a-zA-Z0-9]*$'."
"C0","F7D85F9663B68430521FBEDE824C273971BAEF790A3C5291A9F8E0B7BC64AC7A","2dd8b359-6c3b-4319-b6cd-84292bc62e14","1e480cc257c776f0c82bdff1af1e82b3ec72065d","2026-08-28T15:54:14+0000","AaALJJ9gKije7nS94kew","java:S116","CODE_SMELL","OPEN","MINOR","LOW","229","Rename this field ""_isAlreadyRedefined"" to match the regular expression '^[a-z][a-zA-Z0-9]*$'."
"C0","F7D85F9663B68430521FBEDE824C273971BAEF790A3C5291A9F8E0B7BC64AC7A","2dd8b359-6c3b-4319-b6cd-84292bc62e14","1e480cc257c776f0c82bdff1af1e82b3ec72065d","2026-08-28T15:54:14+0000","AaALJJ9gKije7nS94kex","java:S116","CODE_SMELL","OPEN","MINOR","LOW","230","Rename this field ""_isAlreadySubclassed"" to match the regular expression '^[a-z][a-zA-Z0-9]*$'."
"C0","F7D85F9663B68430521FBEDE824C273971BAEF790A3C5291A9F8E0B7BC64AC7A","2dd8b359-6c3b-4319-b6cd-84292bc62e14","1e480cc257c776f0c82bdff1af1e82b3ec72065d","2026-08-28T15:54:14+0000","AaALJJ9gKije7nS94key","java:S116","CODE_SMELL","OPEN","MINOR","LOW","231","Rename this field ""_bcsConfigured"" to match the regular expression '^[a-z][a-zA-Z0-9]*$'."
"C0","F7D85F9663B68430521FBEDE824C273971BAEF790A3C5291A9F8E0B7BC64AC7A","2dd8b359-6c3b-4319-b6cd-84292bc62e14","1e480cc257c776f0c82bdff1af1e82b3ec72065d","2026-08-28T15:54:14+0000","AaAleRvSmNh_xRbasz5_","java:S1133","CODE_SMELL","OPEN","INFO","INFO","344","Do not forget to remove this deprecated code someday."
"C0","F7D85F9663B68430521FBEDE824C273971BAEF790A3C5291A9F8E0B7BC64AC7A","2dd8b359-6c3b-4319-b6cd-84292bc62e14","1e480cc257c776f0c82bdff1af1e82b3ec72065d","2026-08-28T15:54:14+0000","AaAleRvSmNh_xRbasz6A","java:S1123","CODE_SMELL","OPEN","MAJOR","MEDIUM","344","Add the missing @deprecated Javadoc tag."
"C0","F7D85F9663B68430521FBEDE824C273971BAEF790A3C5291A9F8E0B7BC64AC7A","2dd8b359-6c3b-4319-b6cd-84292bc62e14","1e480cc257c776f0c82bdff1af1e82b3ec72065d","2026-08-28T15:54:14+0000","AaALJJ9gKije7nS94ke4","java:S125","CODE_SMELL","OPEN","MAJOR","MEDIUM","1206","This block of commented-out lines of code should be removed."
"C0","F7D85F9663B68430521FBEDE824C273971BAEF790A3C5291A9F8E0B7BC64AC7A","2dd8b359-6c3b-4319-b6cd-84292bc62e14","1e480cc257c776f0c82bdff1af1e82b3ec72065d","2026-08-28T15:54:14+0000","AaALJJ9gKije7nS94ke6","java:S125","CODE_SMELL","OPEN","MAJOR","MEDIUM","1951","This block of commented-out lines of code should be removed."
"C0","F7D85F9663B68430521FBEDE824C273971BAEF790A3C5291A9F8E0B7BC64AC7A","2dd8b359-6c3b-4319-b6cd-84292bc62e14","1e480cc257c776f0c82bdff1af1e82b3ec72065d","2026-08-28T15:54:14+0000","AaALJJ9gKije7nS94ke7","java:S3776","CODE_SMELL","OPEN","CRITICAL","HIGH","4068","Refactor this method to reduce its Cognitive Complexity from 19 to the 15 allowed."
"C0","F7D85F9663B68430521FBEDE824C273971BAEF790A3C5291A9F8E0B7BC64AC7A","2dd8b359-6c3b-4319-b6cd-84292bc62e14","1e480cc257c776f0c82bdff1af1e82b3ec72065d","2026-08-28T15:54:14+0000","AaALJJ9gKije7nS94ke8","java:S125","CODE_SMELL","OPEN","MAJOR","MEDIUM","4532","This block of commented-out lines of code should be removed."
"C0","F7D85F9663B68430521FBEDE824C273971BAEF790A3C5291A9F8E0B7BC64AC7A","2dd8b359-6c3b-4319-b6cd-84292bc62e14","1e480cc257c776f0c82bdff1af1e82b3ec72065d","2026-08-28T15:54:14+0000","AaALJJ9gKije7nS94ke9","java:S125","CODE_SMELL","OPEN","MAJOR","MEDIUM","4608","This block of commented-out lines of code should be removed."
"C0","F7D85F9663B68430521FBEDE824C273971BAEF790A3C5291A9F8E0B7BC64AC7A","2dd8b359-6c3b-4319-b6cd-84292bc62e14","1e480cc257c776f0c82bdff1af1e82b3ec72065d","2026-08-28T15:54:14+0000","AaAleRvSmNh_xRbasz6g","java:S1905","CODE_SMELL","OPEN","MINOR","LOW","4647","Remove this unnecessary cast to ""String""."
"C0","F7D85F9663B68430521FBEDE824C273971BAEF790A3C5291A9F8E0B7BC64AC7A","2dd8b359-6c3b-4319-b6cd-84292bc62e14","1e480cc257c776f0c82bdff1af1e82b3ec72065d","2026-08-28T15:54:14+0000","AaALC7_-41jXsmVCsseG","java:S128","CODE_SMELL","OPEN","BLOCKER","BLOCKER","2545","End this switch case with an unconditional break, return or throw statement."
"C0","F7D85F9663B68430521FBEDE824C273971BAEF790A3C5291A9F8E0B7BC64AC7A","2dd8b359-6c3b-4319-b6cd-84292bc62e14","1e480cc257c776f0c82bdff1af1e82b3ec72065d","2026-08-28T15:54:14+0000","AaALC7_-41jXsmVCsseF","java:S128","CODE_SMELL","OPEN","BLOCKER","BLOCKER","2563","End this switch case with an unconditional break, return or throw statement."
"C0","F7D85F9663B68430521FBEDE824C273971BAEF790A3C5291A9F8E0B7BC64AC7A","2dd8b359-6c3b-4319-b6cd-84292bc62e14","1e480cc257c776f0c82bdff1af1e82b3ec72065d","2026-08-28T15:54:14+0000","AaALC7_-41jXsmVCsseH","java:S125","CODE_SMELL","OPEN","MAJOR","MEDIUM","2909","This block of commented-out lines of code should be removed."
"C0","F7D85F9663B68430521FBEDE824C273971BAEF790A3C5291A9F8E0B7BC64AC7A","2dd8b359-6c3b-4319-b6cd-84292bc62e14","1e480cc257c776f0c82bdff1af1e82b3ec72065d","2026-08-28T15:54:14+0000","AaALC7_-41jXsmVCsseI","java:S125","CODE_SMELL","OPEN","MAJOR","MEDIUM","2939","This block of commented-out lines of code should be removed."
"C0","F7D85F9663B68430521FBEDE824C273971BAEF790A3C5291A9F8E0B7BC64AC7A","2dd8b359-6c3b-4319-b6cd-84292bc62e14","1e480cc257c776f0c82bdff1af1e82b3ec72065d","2026-08-28T15:54:14+0000","AaALC7_-41jXsmVCsseJ","java:S3878","CODE_SMELL","OPEN","MINOR","LOW","3047","Remove this array creation and simply pass the elements."
"C0","F7D85F9663B68430521FBEDE824C273971BAEF790A3C5291A9F8E0B7BC64AC7A","2dd8b359-6c3b-4319-b6cd-84292bc62e14","1e480cc257c776f0c82bdff1af1e82b3ec72065d","2026-08-28T15:54:14+0000","AaAKynG1Kije7nS92BW3","java:S125","CODE_SMELL","OPEN","MAJOR","MEDIUM","2491","This block of commented-out lines of code should be removed."
"C0","F7D85F9663B68430521FBEDE824C273971BAEF790A3C5291A9F8E0B7BC64AC7A","2dd8b359-6c3b-4319-b6cd-84292bc62e14","1e480cc257c776f0c82bdff1af1e82b3ec72065d","2026-08-28T15:54:14+0000","AaAKynG1Kije7nS92BW9","java:S128","CODE_SMELL","OPEN","BLOCKER","BLOCKER","2509","End this switch case with an unconditional break, return or throw statement."
"C0","F7D85F9663B68430521FBEDE824C273971BAEF790A3C5291A9F8E0B7BC64AC7A","2dd8b359-6c3b-4319-b6cd-84292bc62e14","1e480cc257c776f0c82bdff1af1e82b3ec72065d","2026-08-28T15:54:14+0000","AaAKynG1Kije7nS92BW8","java:S128","CODE_SMELL","OPEN","BLOCKER","BLOCKER","2527","End this switch case with an unconditional break, return or throw statement."
"C0","F7D85F9663B68430521FBEDE824C273971BAEF790A3C5291A9F8E0B7BC64AC7A","2dd8b359-6c3b-4319-b6cd-84292bc62e14","1e480cc257c776f0c82bdff1af1e82b3ec72065d","2026-08-28T15:54:14+0000","AaAKynG1Kije7nS92BW7","java:S128","CODE_SMELL","OPEN","BLOCKER","BLOCKER","2581","End this switch case with an unconditional break, return or throw statement."
"C0","F7D85F9663B68430521FBEDE824C273971BAEF790A3C5291A9F8E0B7BC64AC7A","2dd8b359-6c3b-4319-b6cd-84292bc62e14","1e480cc257c776f0c82bdff1af1e82b3ec72065d","2026-08-28T15:54:14+0000","AaAKynG1Kije7nS92BW6","java:S128","CODE_SMELL","OPEN","BLOCKER","BLOCKER","2599","End this switch case with an unconditional break, return or throw statement."
"C0","F7D85F9663B68430521FBEDE824C273971BAEF790A3C5291A9F8E0B7BC64AC7A","2dd8b359-6c3b-4319-b6cd-84292bc62e14","1e480cc257c776f0c82bdff1af1e82b3ec72065d","2026-08-28T15:54:14+0000","AaAKynG1Kije7nS92BW5","java:S128","CODE_SMELL","OPEN","BLOCKER","BLOCKER","2617","End this switch case with an unconditional break, return or throw statement."
"C0","F7D85F9663B68430521FBEDE824C273971BAEF790A3C5291A9F8E0B7BC64AC7A","2dd8b359-6c3b-4319-b6cd-84292bc62e14","1e480cc257c776f0c82bdff1af1e82b3ec72065d","2026-08-28T15:54:14+0000","AaAKynG1Kije7nS92BW_","java:S125","CODE_SMELL","OPEN","MAJOR","MEDIUM","2816","This block of commented-out lines of code should be removed."
"C0","F7D85F9663B68430521FBEDE824C273971BAEF790A3C5291A9F8E0B7BC64AC7A","2dd8b359-6c3b-4319-b6cd-84292bc62e14","1e480cc257c776f0c82bdff1af1e82b3ec72065d","2026-08-28T15:54:14+0000","AaAKIzZERXPx87p8Mp0j","java:S116","CODE_SMELL","OPEN","MINOR","LOW","198","Rename this field ""_repos"" to match the regular expression '^[a-z][a-zA-Z0-9]*$'."
"C0","F7D85F9663B68430521FBEDE824C273971BAEF790A3C5291A9F8E0B7BC64AC7A","2dd8b359-6c3b-4319-b6cd-84292bc62e14","1e480cc257c776f0c82bdff1af1e82b3ec72065d","2026-08-28T15:54:14+0000","AaAKIzZERXPx87p8Mp0k","java:S116","CODE_SMELL","OPEN","MINOR","LOW","199","Rename this field ""_meta"" to match the regular expression '^[a-z][a-zA-Z0-9]*$'."
"C0","F7D85F9663B68430521FBEDE824C273971BAEF790A3C5291A9F8E0B7BC64AC7A","2dd8b359-6c3b-4319-b6cd-84292bc62e14","1e480cc257c776f0c82bdff1af1e82b3ec72065d","2026-08-28T15:54:14+0000","AaAKIzZERXPx87p8Mp0l","java:S116","CODE_SMELL","OPEN","MINOR","LOW","200","Rename this field ""_log"" to match the regular expression '^[a-z][a-zA-Z0-9]*$'."
"C0","F7D85F9663B68430521FBEDE824C273971BAEF790A3C5291A9F8E0B7BC64AC7A","2dd8b359-6c3b-4319-b6cd-84292bc62e14","1e480cc257c776f0c82bdff1af1e82b3ec72065d","2026-08-28T15:54:14+0000","AaAKIzZERXPx87p8Mp0n","java:S116","CODE_SMELL","OPEN","MINOR","LOW","219","Rename this field ""_defCons"" to match the regular expression '^[a-z][a-zA-Z0-9]*$'."
"C0","F7D85F9663B68430521FBEDE824C273971BAEF790A3C5291A9F8E0B7BC64AC7A","2dd8b359-6c3b-4319-b6cd-84292bc62e14","1e480cc257c776f0c82bdff1af1e82b3ec72065d","2026-08-28T15:54:14+0000","AaAKIzZERXPx87p8Mp0o","java:S116","CODE_SMELL","OPEN","MINOR","LOW","222","Rename this field ""_fail"" to match the regular expression '^[a-z][a-zA-Z0-9]*$'."
"C0","F7D85F9663B68430521FBEDE824C273971BAEF790A3C5291A9F8E0B7BC64AC7A","2dd8b359-6c3b-4319-b6cd-84292bc62e14","1e480cc257c776f0c82bdff1af1e82b3ec72065d","2026-08-28T15:54:14+0000","AaAKIzZERXPx87p8Mp0t","java:S116","CODE_SMELL","OPEN","MINOR","LOW","223","Rename this field ""_violations"" to match the regular expression '^[a-z][a-zA-Z0-9]*$'."
"C0","F7D85F9663B68430521FBEDE824C273971BAEF790A3C5291A9F8E0B7BC64AC7A","2dd8b359-6c3b-4319-b6cd-84292bc62e14","1e480cc257c776f0c82bdff1af1e82b3ec72065d","2026-08-28T15:54:14+0000","AaAKIzZERXPx87p8Mp0q","java:S116","CODE_SMELL","OPEN","MINOR","LOW","224","Rename this field ""_dir"" to match the regular expression '^[a-z][a-zA-Z0-9]*$'."
"C0","F7D85F9663B68430521FBEDE824C273971BAEF790A3C5291A9F8E0B7BC64AC7A","2dd8b359-6c3b-4319-b6cd-84292bc62e14","1e480cc257c776f0c82bdff1af1e82b3ec72065d","2026-08-28T15:54:14+0000","AaAKIzZERXPx87p8Mp0r","java:S116","CODE_SMELL","OPEN","MINOR","LOW","225","Rename this field ""_writer"" to match the regular expression '^[a-z][a-zA-Z0-9]*$'."
"C0","F7D85F9663B68430521FBEDE824C273971BAEF790A3C5291A9F8E0B7BC64AC7A","2dd8b359-6c3b-4319-b6cd-84292bc62e14","1e480cc257c776f0c82bdff1af1e82b3ec72065d","2026-08-28T15:54:14+0000","AaAKIzZERXPx87p8Mp00","java:S3776","CODE_SMELL","OPEN","CRITICAL","HIGH","695","Refactor this method to reduce its Cognitive Complexity from 32 to the 15 allowed."
"C0","F7D85F9663B68430521FBEDE824C273971BAEF790A3C5291A9F8E0B7BC64AC7A","2dd8b359-6c3b-4319-b6cd-84292bc62e14","1e480cc257c776f0c82bdff1af1e82b3ec72065d","2026-08-28T15:54:14+0000","AaALJJ9gKije7nS94ke5","java:S125","CODE_SMELL","OPEN","MAJOR","MEDIUM","834","This block of commented-out lines of code should be removed."
"C0","F7D85F9663B68430521FBEDE824C273971BAEF790A3C5291A9F8E0B7BC64AC7A","2dd8b359-6c3b-4319-b6cd-84292bc62e14","1e480cc257c776f0c82bdff1af1e82b3ec72065d","2026-08-28T15:54:14+0000","AaAKIzZERXPx87p8Mp0O","java:S1192","CODE_SMELL","OPEN","CRITICAL","HIGH","1243","Define a constant instead of duplicating this literal ""<init>"" 22 times."
"C0","F7D85F9663B68430521FBEDE824C273971BAEF790A3C5291A9F8E0B7BC64AC7A","2dd8b359-6c3b-4319-b6cd-84292bc62e14","1e480cc257c776f0c82bdff1af1e82b3ec72065d","2026-08-28T15:54:14+0000","AaAKIzZERXPx87p8Mp0_","java:S125","CODE_SMELL","OPEN","MAJOR","MEDIUM","1423","This block of commented-out lines of code should be removed."
"C0","F7D85F9663B68430521FBEDE824C273971BAEF790A3C5291A9F8E0B7BC64AC7A","2dd8b359-6c3b-4319-b6cd-84292bc62e14","1e480cc257c776f0c82bdff1af1e82b3ec72065d","2026-08-28T15:54:14+0000","AaAKIzZERXPx87p8Mp1A","java:S125","CODE_SMELL","OPEN","MAJOR","MEDIUM","1438","This block of commented-out lines of code should be removed."
"C0","F7D85F9663B68430521FBEDE824C273971BAEF790A3C5291A9F8E0B7BC64AC7A","2dd8b359-6c3b-4319-b6cd-84292bc62e14","1e480cc257c776f0c82bdff1af1e82b3ec72065d","2026-08-28T15:54:14+0000","AaAKIzZERXPx87p8Mp1D","java:S125","CODE_SMELL","OPEN","MAJOR","MEDIUM","1513","This block of commented-out lines of code should be removed."
"C0","F7D85F9663B68430521FBEDE824C273971BAEF790A3C5291A9F8E0B7BC64AC7A","2dd8b359-6c3b-4319-b6cd-84292bc62e14","1e480cc257c776f0c82bdff1af1e82b3ec72065d","2026-08-28T15:54:14+0000","AaAKIzZERXPx87p8Mp1G","java:S125","CODE_SMELL","OPEN","MAJOR","MEDIUM","1575","This block of commented-out lines of code should be removed."
"C0","F7D85F9663B68430521FBEDE824C273971BAEF790A3C5291A9F8E0B7BC64AC7A","2dd8b359-6c3b-4319-b6cd-84292bc62e14","1e480cc257c776f0c82bdff1af1e82b3ec72065d","2026-08-28T15:54:14+0000","AaAKIzZERXPx87p8Mp1K","java:S125","CODE_SMELL","OPEN","MAJOR","MEDIUM","1703","This block of commented-out lines of code should be removed."
"C0","F7D85F9663B68430521FBEDE824C273971BAEF790A3C5291A9F8E0B7BC64AC7A","2dd8b359-6c3b-4319-b6cd-84292bc62e14","1e480cc257c776f0c82bdff1af1e82b3ec72065d","2026-08-28T15:54:14+0000","AaAKIzZERXPx87p8Mp1L","java:S125","CODE_SMELL","OPEN","MAJOR","MEDIUM","1799","This block of commented-out lines of code should be removed."
"C0","F7D85F9663B68430521FBEDE824C273971BAEF790A3C5291A9F8E0B7BC64AC7A","2dd8b359-6c3b-4319-b6cd-84292bc62e14","1e480cc257c776f0c82bdff1af1e82b3ec72065d","2026-08-28T15:54:14+0000","AaAKIzZERXPx87p8Mp1M","java:S125","CODE_SMELL","OPEN","MAJOR","MEDIUM","1808","This block of commented-out lines of code should be removed."
"C0","F7D85F9663B68430521FBEDE824C273971BAEF790A3C5291A9F8E0B7BC64AC7A","2dd8b359-6c3b-4319-b6cd-84292bc62e14","1e480cc257c776f0c82bdff1af1e82b3ec72065d","2026-08-28T15:54:14+0000","AaAKIzZERXPx87p8Mp1N","java:S125","CODE_SMELL","OPEN","MAJOR","MEDIUM","1818","This block of commented-out lines of code should be removed."
"C0","F7D85F9663B68430521FBEDE824C273971BAEF790A3C5291A9F8E0B7BC64AC7A","2dd8b359-6c3b-4319-b6cd-84292bc62e14","1e480cc257c776f0c82bdff1af1e82b3ec72065d","2026-08-28T15:54:14+0000","AaAKIzZERXPx87p8Mp1P","java:S125","CODE_SMELL","OPEN","MAJOR","MEDIUM","1929","This block of commented-out lines of code should be removed."
"C0","F7D85F9663B68430521FBEDE824C273971BAEF790A3C5291A9F8E0B7BC64AC7A","2dd8b359-6c3b-4319-b6cd-84292bc62e14","1e480cc257c776f0c82bdff1af1e82b3ec72065d","2026-08-28T15:54:14+0000","AaAKIzZERXPx87p8Mp1Q","java:S125","CODE_SMELL","OPEN","MAJOR","MEDIUM","1960","This block of commented-out lines of code should be removed."
"C0","F7D85F9663B68430521FBEDE824C273971BAEF790A3C5291A9F8E0B7BC64AC7A","2dd8b359-6c3b-4319-b6cd-84292bc62e14","1e480cc257c776f0c82bdff1af1e82b3ec72065d","2026-08-28T15:54:14+0000","AaAKIzZERXPx87p8Mp1R","java:S125","CODE_SMELL","OPEN","MAJOR","MEDIUM","1985","This block of commented-out lines of code should be removed."
"C0","F7D85F9663B68430521FBEDE824C273971BAEF790A3C5291A9F8E0B7BC64AC7A","2dd8b359-6c3b-4319-b6cd-84292bc62e14","1e480cc257c776f0c82bdff1af1e82b3ec72065d","2026-08-28T15:54:14+0000","AaAKIzZERXPx87p8Mp1T","java:S125","CODE_SMELL","OPEN","MAJOR","MEDIUM","1996","This block of commented-out lines of code should be removed."
"C0","F7D85F9663B68430521FBEDE824C273971BAEF790A3C5291A9F8E0B7BC64AC7A","2dd8b359-6c3b-4319-b6cd-84292bc62e14","1e480cc257c776f0c82bdff1af1e82b3ec72065d","2026-08-28T15:54:14+0000","AaAKIzZERXPx87p8Mp1U","java:S125","CODE_SMELL","OPEN","MAJOR","MEDIUM","2014","This block of commented-out lines of code should be removed."
"C0","F7D85F9663B68430521FBEDE824C273971BAEF790A3C5291A9F8E0B7BC64AC7A","2dd8b359-6c3b-4319-b6cd-84292bc62e14","1e480cc257c776f0c82bdff1af1e82b3ec72065d","2026-08-28T15:54:14+0000","AaAKIzZERXPx87p8Mp1V","java:S131","CODE_SMELL","OPEN","CRITICAL","HIGH","2031","Add a default case to this switch."
"C0","F7D85F9663B68430521FBEDE824C273971BAEF790A3C5291A9F8E0B7BC64AC7A","2dd8b359-6c3b-4319-b6cd-84292bc62e14","1e480cc257c776f0c82bdff1af1e82b3ec72065d","2026-08-28T15:54:14+0000","AaAKIzZERXPx87p8Mp1W","java:S125","CODE_SMELL","OPEN","MAJOR","MEDIUM","2066","This block of commented-out lines of code should be removed."
"C0","F7D85F9663B68430521FBEDE824C273971BAEF790A3C5291A9F8E0B7BC64AC7A","2dd8b359-6c3b-4319-b6cd-84292bc62e14","1e480cc257c776f0c82bdff1af1e82b3ec72065d","2026-08-28T15:54:14+0000","AaAKIzZERXPx87p8Mp1a","java:S125","CODE_SMELL","OPEN","MAJOR","MEDIUM","2088","This block of commented-out lines of code should be removed."
"C0","F7D85F9663B68430521FBEDE824C273971BAEF790A3C5291A9F8E0B7BC64AC7A","2dd8b359-6c3b-4319-b6cd-84292bc62e14","1e480cc257c776f0c82bdff1af1e82b3ec72065d","2026-08-28T15:54:14+0000","AaAKIzZERXPx87p8Mp1c","java:S125","CODE_SMELL","OPEN","MAJOR","MEDIUM","2212","This block of commented-out lines of code should be removed."
"C0","F7D85F9663B68430521FBEDE824C273971BAEF790A3C5291A9F8E0B7BC64AC7A","2dd8b359-6c3b-4319-b6cd-84292bc62e14","1e480cc257c776f0c82bdff1af1e82b3ec72065d","2026-08-28T15:54:14+0000","AaAKIzZERXPx87p8Mp1d","java:S125","CODE_SMELL","OPEN","MAJOR","MEDIUM","2228","This block of commented-out lines of code should be removed."
"C0","F7D85F9663B68430521FBEDE824C273971BAEF790A3C5291A9F8E0B7BC64AC7A","2dd8b359-6c3b-4319-b6cd-84292bc62e14","1e480cc257c776f0c82bdff1af1e82b3ec72065d","2026-08-28T15:54:14+0000","AaAKIzZERXPx87p8Mp1g","java:S125","CODE_SMELL","OPEN","MAJOR","MEDIUM","2776","This block of commented-out lines of code should be removed."
"C0","F7D85F9663B68430521FBEDE824C273971BAEF790A3C5291A9F8E0B7BC64AC7A","2dd8b359-6c3b-4319-b6cd-84292bc62e14","1e480cc257c776f0c82bdff1af1e82b3ec72065d","2026-08-28T15:54:14+0000","AaAKIzZERXPx87p8Mp1i","java:S2447","CODE_SMELL","OPEN","CRITICAL","HIGH","2987","Null is returned but a ""Boolean"" is expected."
"C0","F7D85F9663B68430521FBEDE824C273971BAEF790A3C5291A9F8E0B7BC64AC7A","2dd8b359-6c3b-4319-b6cd-84292bc62e14","1e480cc257c776f0c82bdff1af1e82b3ec72065d","2026-08-28T15:54:14+0000","AaAKIzZERXPx87p8Mp1l","java:S3878","CODE_SMELL","OPEN","MINOR","LOW","2994","Remove this array creation and simply pass the elements."
"C0","F7D85F9663B68430521FBEDE824C273971BAEF790A3C5291A9F8E0B7BC64AC7A","2dd8b359-6c3b-4319-b6cd-84292bc62e14","1e480cc257c776f0c82bdff1af1e82b3ec72065d","2026-08-28T15:54:14+0000","AaAKIzZERXPx87p8Mp1o","java:S3878","CODE_SMELL","OPEN","MINOR","LOW","3000","Remove this array creation and simply pass the elements."
"C0","F7D85F9663B68430521FBEDE824C273971BAEF790A3C5291A9F8E0B7BC64AC7A","2dd8b359-6c3b-4319-b6cd-84292bc62e14","1e480cc257c776f0c82bdff1af1e82b3ec72065d","2026-08-28T15:54:14+0000","AaAKIzZERXPx87p8Mp1j","java:S2447","CODE_SMELL","OPEN","CRITICAL","HIGH","3005","Null is returned but a ""Boolean"" is expected."
"C0","F7D85F9663B68430521FBEDE824C273971BAEF790A3C5291A9F8E0B7BC64AC7A","2dd8b359-6c3b-4319-b6cd-84292bc62e14","1e480cc257c776f0c82bdff1af1e82b3ec72065d","2026-08-28T15:54:14+0000","AaAKIzZERXPx87p8Mp1r","java:S125","CODE_SMELL","OPEN","MAJOR","MEDIUM","3090","This block of commented-out lines of code should be removed."
"C0","F7D85F9663B68430521FBEDE824C273971BAEF790A3C5291A9F8E0B7BC64AC7A","2dd8b359-6c3b-4319-b6cd-84292bc62e14","1e480cc257c776f0c82bdff1af1e82b3ec72065d","2026-08-28T15:54:14+0000","AaAKIzZERXPx87p8Mp1s","java:S125","CODE_SMELL","OPEN","MAJOR","MEDIUM","3377","This block of commented-out lines of code should be removed."
"C0","F7D85F9663B68430521FBEDE824C273971BAEF790A3C5291A9F8E0B7BC64AC7A","2dd8b359-6c3b-4319-b6cd-84292bc62e14","1e480cc257c776f0c82bdff1af1e82b3ec72065d","2026-08-28T15:54:14+0000","AaAKIzZERXPx87p8Mp1t","java:S125","CODE_SMELL","OPEN","MAJOR","MEDIUM","3386","This block of commented-out lines of code should be removed."
"C0","F7D85F9663B68430521FBEDE824C273971BAEF790A3C5291A9F8E0B7BC64AC7A","2dd8b359-6c3b-4319-b6cd-84292bc62e14","1e480cc257c776f0c82bdff1af1e82b3ec72065d","2026-08-28T15:54:14+0000","AaAKIzZERXPx87p8Mp1u","java:S125","CODE_SMELL","OPEN","MAJOR","MEDIUM","3397","This block of commented-out lines of code should be removed."
"C0","F7D85F9663B68430521FBEDE824C273971BAEF790A3C5291A9F8E0B7BC64AC7A","2dd8b359-6c3b-4319-b6cd-84292bc62e14","1e480cc257c776f0c82bdff1af1e82b3ec72065d","2026-08-28T15:54:14+0000","AaAKIzZERXPx87p8Mp1v","java:S125","CODE_SMELL","OPEN","MAJOR","MEDIUM","3408","This block of commented-out lines of code should be removed."
"C0","F7D85F9663B68430521FBEDE824C273971BAEF790A3C5291A9F8E0B7BC64AC7A","2dd8b359-6c3b-4319-b6cd-84292bc62e14","1e480cc257c776f0c82bdff1af1e82b3ec72065d","2026-08-28T15:54:14+0000","AaAKIzZERXPx87p8Mp1w","java:S125","CODE_SMELL","OPEN","MAJOR","MEDIUM","3421","This block of commented-out lines of code should be removed."
"C0","F7D85F9663B68430521FBEDE824C273971BAEF790A3C5291A9F8E0B7BC64AC7A","2dd8b359-6c3b-4319-b6cd-84292bc62e14","1e480cc257c776f0c82bdff1af1e82b3ec72065d","2026-08-28T15:54:14+0000","AaAKIzZERXPx87p8Mp1x","java:S125","CODE_SMELL","OPEN","MAJOR","MEDIUM","3647","This block of commented-out lines of code should be removed."
"C0","F7D85F9663B68430521FBEDE824C273971BAEF790A3C5291A9F8E0B7BC64AC7A","2dd8b359-6c3b-4319-b6cd-84292bc62e14","1e480cc257c776f0c82bdff1af1e82b3ec72065d","2026-08-28T15:54:14+0000","AaAKIzZERXPx87p8Mp1y","java:S125","CODE_SMELL","OPEN","MAJOR","MEDIUM","3657","This block of commented-out lines of code should be removed."
"C0","F7D85F9663B68430521FBEDE824C273971BAEF790A3C5291A9F8E0B7BC64AC7A","2dd8b359-6c3b-4319-b6cd-84292bc62e14","1e480cc257c776f0c82bdff1af1e82b3ec72065d","2026-08-28T15:54:14+0000","AaAKIzZERXPx87p8Mp10","java:S125","CODE_SMELL","OPEN","MAJOR","MEDIUM","3715","This block of commented-out lines of code should be removed."
"C0","F7D85F9663B68430521FBEDE824C273971BAEF790A3C5291A9F8E0B7BC64AC7A","2dd8b359-6c3b-4319-b6cd-84292bc62e14","1e480cc257c776f0c82bdff1af1e82b3ec72065d","2026-08-28T15:54:14+0000","AaAKIzZERXPx87p8Mp12","java:S125","CODE_SMELL","OPEN","MAJOR","MEDIUM","3775","This block of commented-out lines of code should be removed."
"C0","F7D85F9663B68430521FBEDE824C273971BAEF790A3C5291A9F8E0B7BC64AC7A","2dd8b359-6c3b-4319-b6cd-84292bc62e14","1e480cc257c776f0c82bdff1af1e82b3ec72065d","2026-08-28T15:54:14+0000","AaAKIzZERXPx87p8Mp13","java:S125","CODE_SMELL","OPEN","MAJOR","MEDIUM","3802","This block of commented-out lines of code should be removed."
"C0","F7D85F9663B68430521FBEDE824C273971BAEF790A3C5291A9F8E0B7BC64AC7A","2dd8b359-6c3b-4319-b6cd-84292bc62e14","1e480cc257c776f0c82bdff1af1e82b3ec72065d","2026-08-28T15:54:14+0000","AaAKIzZERXPx87p8Mp14","java:S125","CODE_SMELL","OPEN","MAJOR","MEDIUM","3836","This block of commented-out lines of code should be removed."
"C0","F7D85F9663B68430521FBEDE824C273971BAEF790A3C5291A9F8E0B7BC64AC7A","2dd8b359-6c3b-4319-b6cd-84292bc62e14","1e480cc257c776f0c82bdff1af1e82b3ec72065d","2026-08-28T15:54:14+0000","AaAKIzZERXPx87p8Mp15","java:S125","CODE_SMELL","OPEN","MAJOR","MEDIUM","3858","This block of commented-out lines of code should be removed."
"C0","F7D85F9663B68430521FBEDE824C273971BAEF790A3C5291A9F8E0B7BC64AC7A","2dd8b359-6c3b-4319-b6cd-84292bc62e14","1e480cc257c776f0c82bdff1af1e82b3ec72065d","2026-08-28T15:54:14+0000","AaAKIzZERXPx87p8Mp17","java:S125","CODE_SMELL","OPEN","MAJOR","MEDIUM","3901","This block of commented-out lines of code should be removed."
"C0","F7D85F9663B68430521FBEDE824C273971BAEF790A3C5291A9F8E0B7BC64AC7A","2dd8b359-6c3b-4319-b6cd-84292bc62e14","1e480cc257c776f0c82bdff1af1e82b3ec72065d","2026-08-28T15:54:14+0000","AaAKIzZERXPx87p8Mp16","java:S125","CODE_SMELL","OPEN","MAJOR","MEDIUM","3976","This block of commented-out lines of code should be removed."
"C0","F7D85F9663B68430521FBEDE824C273971BAEF790A3C5291A9F8E0B7BC64AC7A","2dd8b359-6c3b-4319-b6cd-84292bc62e14","1e480cc257c776f0c82bdff1af1e82b3ec72065d","2026-08-28T15:54:14+0000","AaAKIzZERXPx87p8Mp18","java:S125","CODE_SMELL","OPEN","MAJOR","MEDIUM","4107","This block of commented-out lines of code should be removed."
"C0","F7D85F9663B68430521FBEDE824C273971BAEF790A3C5291A9F8E0B7BC64AC7A","2dd8b359-6c3b-4319-b6cd-84292bc62e14","1e480cc257c776f0c82bdff1af1e82b3ec72065d","2026-08-28T15:54:14+0000","AaAKIzZERXPx87p8Mp19","java:S125","CODE_SMELL","OPEN","MAJOR","MEDIUM","4128","This block of commented-out lines of code should be removed."
"C0","F7D85F9663B68430521FBEDE824C273971BAEF790A3C5291A9F8E0B7BC64AC7A","2dd8b359-6c3b-4319-b6cd-84292bc62e14","1e480cc257c776f0c82bdff1af1e82b3ec72065d","2026-08-28T15:54:14+0000","AaAKIzZERXPx87p8Mp2B","java:S125","CODE_SMELL","OPEN","MAJOR","MEDIUM","4326","This block of commented-out lines of code should be removed."
"C0","F7D85F9663B68430521FBEDE824C273971BAEF790A3C5291A9F8E0B7BC64AC7A","2dd8b359-6c3b-4319-b6cd-84292bc62e14","1e480cc257c776f0c82bdff1af1e82b3ec72065d","2026-08-28T15:54:14+0000","AaAKIzZERXPx87p8Mp2C","java:S125","CODE_SMELL","OPEN","MAJOR","MEDIUM","4336","This block of commented-out lines of code should be removed."
"C0","F7D85F9663B68430521FBEDE824C273971BAEF790A3C5291A9F8E0B7BC64AC7A","2dd8b359-6c3b-4319-b6cd-84292bc62e14","1e480cc257c776f0c82bdff1af1e82b3ec72065d","2026-08-28T15:54:14+0000","AaAKIzZERXPx87p8Mp2D","java:S125","CODE_SMELL","OPEN","MAJOR","MEDIUM","4343","This block of commented-out lines of code should be removed."
"C0","F7D85F9663B68430521FBEDE824C273971BAEF790A3C5291A9F8E0B7BC64AC7A","2dd8b359-6c3b-4319-b6cd-84292bc62e14","1e480cc257c776f0c82bdff1af1e82b3ec72065d","2026-08-28T15:54:14+0000","AaAKIzZERXPx87p8Mp2F","java:S125","CODE_SMELL","OPEN","MAJOR","MEDIUM","4376","This block of commented-out lines of code should be removed."
"C0","F7D85F9663B68430521FBEDE824C273971BAEF790A3C5291A9F8E0B7BC64AC7A","2dd8b359-6c3b-4319-b6cd-84292bc62e14","1e480cc257c776f0c82bdff1af1e82b3ec72065d","2026-08-28T15:54:14+0000","AaAKIzZERXPx87p8Mp2G","java:S125","CODE_SMELL","OPEN","MAJOR","MEDIUM","4399","This block of commented-out lines of code should be removed."
"C0","F7D85F9663B68430521FBEDE824C273971BAEF790A3C5291A9F8E0B7BC64AC7A","2dd8b359-6c3b-4319-b6cd-84292bc62e14","1e480cc257c776f0c82bdff1af1e82b3ec72065d","2026-08-28T15:54:14+0000","AaAKIzZERXPx87p8Mp2H","java:S125","CODE_SMELL","OPEN","MAJOR","MEDIUM","4490","This block of commented-out lines of code should be removed."
"C0","F7D85F9663B68430521FBEDE824C273971BAEF790A3C5291A9F8E0B7BC64AC7A","2dd8b359-6c3b-4319-b6cd-84292bc62e14","1e480cc257c776f0c82bdff1af1e82b3ec72065d","2026-08-28T15:54:14+0000","AaAKIzZERXPx87p8Mp2I","java:S125","CODE_SMELL","OPEN","MAJOR","MEDIUM","4508","This block of commented-out lines of code should be removed."
"C0","F7D85F9663B68430521FBEDE824C273971BAEF790A3C5291A9F8E0B7BC64AC7A","2dd8b359-6c3b-4319-b6cd-84292bc62e14","1e480cc257c776f0c82bdff1af1e82b3ec72065d","2026-08-28T15:54:14+0000","AaAKIzZERXPx87p8Mp2J","java:S125","CODE_SMELL","OPEN","MAJOR","MEDIUM","4752","This block of commented-out lines of code should be removed."
"C0","F7D85F9663B68430521FBEDE824C273971BAEF790A3C5291A9F8E0B7BC64AC7A","2dd8b359-6c3b-4319-b6cd-84292bc62e14","1e480cc257c776f0c82bdff1af1e82b3ec72065d","2026-08-28T15:54:14+0000","AaAKIzZERXPx87p8Mp2K","java:S125","CODE_SMELL","OPEN","MAJOR","MEDIUM","4766","This block of commented-out lines of code should be removed."
"C0","F7D85F9663B68430521FBEDE824C273971BAEF790A3C5291A9F8E0B7BC64AC7A","2dd8b359-6c3b-4319-b6cd-84292bc62e14","1e480cc257c776f0c82bdff1af1e82b3ec72065d","2026-08-28T15:54:14+0000","AaAKIzZERXPx87p8Mp2L","java:S125","CODE_SMELL","OPEN","MAJOR","MEDIUM","4775","This block of commented-out lines of code should be removed."
"C0","F7D85F9663B68430521FBEDE824C273971BAEF790A3C5291A9F8E0B7BC64AC7A","2dd8b359-6c3b-4319-b6cd-84292bc62e14","1e480cc257c776f0c82bdff1af1e82b3ec72065d","2026-08-28T15:54:14+0000","AaAKIzZERXPx87p8Mp2M","java:S125","CODE_SMELL","OPEN","MAJOR","MEDIUM","4787","This block of commented-out lines of code should be removed."
"C0","F7D85F9663B68430521FBEDE824C273971BAEF790A3C5291A9F8E0B7BC64AC7A","2dd8b359-6c3b-4319-b6cd-84292bc62e14","1e480cc257c776f0c82bdff1af1e82b3ec72065d","2026-08-28T15:54:14+0000","AaAKIzZERXPx87p8Mp2N","java:S125","CODE_SMELL","OPEN","MAJOR","MEDIUM","4863","This block of commented-out lines of code should be removed."
"C0","F7D85F9663B68430521FBEDE824C273971BAEF790A3C5291A9F8E0B7BC64AC7A","2dd8b359-6c3b-4319-b6cd-84292bc62e14","1e480cc257c776f0c82bdff1af1e82b3ec72065d","2026-08-28T15:54:14+0000","AaAKIzZERXPx87p8Mp2O","java:S131","CODE_SMELL","OPEN","CRITICAL","HIGH","4923","Add a default case to this switch."
"C0","F7D85F9663B68430521FBEDE824C273971BAEF790A3C5291A9F8E0B7BC64AC7A","2dd8b359-6c3b-4319-b6cd-84292bc62e14","1e480cc257c776f0c82bdff1af1e82b3ec72065d","2026-08-28T15:54:14+0000","AaAKIzZERXPx87p8Mp2P","java:S125","CODE_SMELL","OPEN","MAJOR","MEDIUM","4931","This block of commented-out lines of code should be removed."
"C0","F7D85F9663B68430521FBEDE824C273971BAEF790A3C5291A9F8E0B7BC64AC7A","2dd8b359-6c3b-4319-b6cd-84292bc62e14","1e480cc257c776f0c82bdff1af1e82b3ec72065d","2026-08-28T15:54:14+0000","AaAKIzZERXPx87p8Mp2Q","java:S125","CODE_SMELL","OPEN","MAJOR","MEDIUM","4967","This block of commented-out lines of code should be removed."
"C0","F7D85F9663B68430521FBEDE824C273971BAEF790A3C5291A9F8E0B7BC64AC7A","2dd8b359-6c3b-4319-b6cd-84292bc62e14","1e480cc257c776f0c82bdff1af1e82b3ec72065d","2026-08-28T15:54:14+0000","AaAKIzZERXPx87p8Mp2R","java:S125","CODE_SMELL","OPEN","MAJOR","MEDIUM","4978","This block of commented-out lines of code should be removed."
"C0","F7D85F9663B68430521FBEDE824C273971BAEF790A3C5291A9F8E0B7BC64AC7A","2dd8b359-6c3b-4319-b6cd-84292bc62e14","1e480cc257c776f0c82bdff1af1e82b3ec72065d","2026-08-28T15:54:14+0000","AaAKIzZERXPx87p8Mp2S","java:S125","CODE_SMELL","OPEN","MAJOR","MEDIUM","4989","This block of commented-out lines of code should be removed."
"C0","F7D85F9663B68430521FBEDE824C273971BAEF790A3C5291A9F8E0B7BC64AC7A","2dd8b359-6c3b-4319-b6cd-84292bc62e14","1e480cc257c776f0c82bdff1af1e82b3ec72065d","2026-08-28T15:54:14+0000","AaAKIzZERXPx87p8Mp2T","java:S125","CODE_SMELL","OPEN","MAJOR","MEDIUM","5010","This block of commented-out lines of code should be removed."
"C0","F7D85F9663B68430521FBEDE824C273971BAEF790A3C5291A9F8E0B7BC64AC7A","2dd8b359-6c3b-4319-b6cd-84292bc62e14","1e480cc257c776f0c82bdff1af1e82b3ec72065d","2026-08-28T15:54:14+0000","AaAKIzZERXPx87p8Mp2U","java:S125","CODE_SMELL","OPEN","MAJOR","MEDIUM","5097","This block of commented-out lines of code should be removed."
"C0","F7D85F9663B68430521FBEDE824C273971BAEF790A3C5291A9F8E0B7BC64AC7A","2dd8b359-6c3b-4319-b6cd-84292bc62e14","1e480cc257c776f0c82bdff1af1e82b3ec72065d","2026-08-28T15:54:14+0000","AaAKIzZERXPx87p8Mp2V","java:S106","CODE_SMELL","OPEN","MAJOR","MEDIUM","5490","Replace this use of System.err by a logger."
"C0","F7D85F9663B68430521FBEDE824C273971BAEF790A3C5291A9F8E0B7BC64AC7A","2dd8b359-6c3b-4319-b6cd-84292bc62e14","1e480cc257c776f0c82bdff1af1e82b3ec72065d","2026-08-28T15:54:14+0000","AaAKIzZERXPx87p8Mp2W","java:S3776","CODE_SMELL","OPEN","CRITICAL","HIGH","5540","Refactor this method to reduce its Cognitive Complexity from 31 to the 15 allowed."
