"ReleaseIndex","Version","CommitId","SonarAnalysisKey","SonarRevision","FQCN","Class","SonarPath","IssueKey","Rule","Type","IssueStatus","Line","Message"
"36","4.1.1","9d2f5f8c35691c3542606bea1d23b916bcbeda8d","1881d68c-2c8f-452b-8c6e-ee46e0c4e2cc","9a3db3eb463ab40a45485eec284d5e107a6a1f34","org.apache.openjpa.enhance.PCEnhancer","openjpa-kernel/src/main/java/org/apache/openjpa/enhance/PCEnhancer.java","src/main/java/org/apache/openjpa/enhance/PCEnhancer.java","AaAleRvSmNh_xRbasz57","java:S1181","CODE_SMELL","OPEN","168","Catch Exception instead of Throwable."
"36","4.1.1","9d2f5f8c35691c3542606bea1d23b916bcbeda8d","1881d68c-2c8f-452b-8c6e-ee46e0c4e2cc","9a3db3eb463ab40a45485eec284d5e107a6a1f34","org.apache.openjpa.enhance.PCEnhancer","openjpa-kernel/src/main/java/org/apache/openjpa/enhance/PCEnhancer.java","src/main/java/org/apache/openjpa/enhance/PCEnhancer.java","AaAleRvSmNh_xRbasz58","java:S108","CODE_SMELL","OPEN","186","Remove this block of code, fill it in, or add a comment explaining why it is empty."
"36","4.1.1","9d2f5f8c35691c3542606bea1d23b916bcbeda8d","1881d68c-2c8f-452b-8c6e-ee46e0c4e2cc","9a3db3eb463ab40a45485eec284d5e107a6a1f34","org.apache.openjpa.enhance.PCEnhancer","openjpa-kernel/src/main/java/org/apache/openjpa/enhance/PCEnhancer.java","src/main/java/org/apache/openjpa/enhance/PCEnhancer.java","AaAleRvSmNh_xRbasz52","java:S116","CODE_SMELL","OPEN","226","Rename this field ""_backingFields"" to match the regular expression '^[a-z][a-zA-Z0-9]*$'."
"36","4.1.1","9d2f5f8c35691c3542606bea1d23b916bcbeda8d","1881d68c-2c8f-452b-8c6e-ee46e0c4e2cc","9a3db3eb463ab40a45485eec284d5e107a6a1f34","org.apache.openjpa.enhance.PCEnhancer","openjpa-kernel/src/main/java/org/apache/openjpa/enhance/PCEnhancer.java","src/main/java/org/apache/openjpa/enhance/PCEnhancer.java","AaAleRvSmNh_xRbasz53","java:S116","CODE_SMELL","OPEN","227","Rename this field ""_attrsToFields"" to match the regular expression '^[a-z][a-zA-Z0-9]*$'."
"36","4.1.1","9d2f5f8c35691c3542606bea1d23b916bcbeda8d","1881d68c-2c8f-452b-8c6e-ee46e0c4e2cc","9a3db3eb463ab40a45485eec284d5e107a6a1f34","org.apache.openjpa.enhance.PCEnhancer","openjpa-kernel/src/main/java/org/apache/openjpa/enhance/PCEnhancer.java","src/main/java/org/apache/openjpa/enhance/PCEnhancer.java","AaAleRvSmNh_xRbasz54","java:S116","CODE_SMELL","OPEN","228","Rename this field ""_fieldsToAttrs"" to match the regular expression '^[a-z][a-zA-Z0-9]*$'."
"36","4.1.1","9d2f5f8c35691c3542606bea1d23b916bcbeda8d","1881d68c-2c8f-452b-8c6e-ee46e0c4e2cc","9a3db3eb463ab40a45485eec284d5e107a6a1f34","org.apache.openjpa.enhance.PCEnhancer","openjpa-kernel/src/main/java/org/apache/openjpa/enhance/PCEnhancer.java","src/main/java/org/apache/openjpa/enhance/PCEnhancer.java","AaAleRvSmNh_xRbasz55","java:S116","CODE_SMELL","OPEN","233","Rename this field ""_optimizeIdCopy"" to match the regular expression '^[a-z][a-zA-Z0-9]*$'."
"36","4.1.1","9d2f5f8c35691c3542606bea1d23b916bcbeda8d","1881d68c-2c8f-452b-8c6e-ee46e0c4e2cc","9a3db3eb463ab40a45485eec284d5e107a6a1f34","org.apache.openjpa.enhance.PCEnhancer","openjpa-kernel/src/main/java/org/apache/openjpa/enhance/PCEnhancer.java","src/main/java/org/apache/openjpa/enhance/PCEnhancer.java","AaAleRvSmNh_xRbasz59","java:S6355","CODE_SMELL","OPEN","267","Add 'since' and/or 'forRemoval' arguments to the @Deprecated annotation."
"36","4.1.1","9d2f5f8c35691c3542606bea1d23b916bcbeda8d","1881d68c-2c8f-452b-8c6e-ee46e0c4e2cc","9a3db3eb463ab40a45485eec284d5e107a6a1f34","org.apache.openjpa.enhance.PCEnhancer","openjpa-kernel/src/main/java/org/apache/openjpa/enhance/PCEnhancer.java","src/main/java/org/apache/openjpa/enhance/PCEnhancer.java","AaAleRvSmNh_xRbasz5i","java:S1192","CODE_SMELL","OPEN","340","Define a constant instead of duplicating this literal ""$pcsubclass"" 3 times."
"36","4.1.1","9d2f5f8c35691c3542606bea1d23b916bcbeda8d","1881d68c-2c8f-452b-8c6e-ee46e0c4e2cc","9a3db3eb463ab40a45485eec284d5e107a6a1f34","org.apache.openjpa.enhance.PCEnhancer","openjpa-kernel/src/main/java/org/apache/openjpa/enhance/PCEnhancer.java","src/main/java/org/apache/openjpa/enhance/PCEnhancer.java","AaAleRvSmNh_xRbasz5-","java:S6355","CODE_SMELL","OPEN","343","Add 'since' and/or 'forRemoval' arguments to the @Deprecated annotation."
"36","4.1.1","9d2f5f8c35691c3542606bea1d23b916bcbeda8d","1881d68c-2c8f-452b-8c6e-ee46e0c4e2cc","9a3db3eb463ab40a45485eec284d5e107a6a1f34","org.apache.openjpa.enhance.PCEnhancer","openjpa-kernel/src/main/java/org/apache/openjpa/enhance/PCEnhancer.java","src/main/java/org/apache/openjpa/enhance/PCEnhancer.java","AaAleRvSmNh_xRbasz6B","java:S3776","CODE_SMELL","OPEN","610","Refactor this method to reduce its Cognitive Complexity from 23 to the 15 allowed."
"36","4.1.1","9d2f5f8c35691c3542606bea1d23b916bcbeda8d","1881d68c-2c8f-452b-8c6e-ee46e0c4e2cc","9a3db3eb463ab40a45485eec284d5e107a6a1f34","org.apache.openjpa.enhance.PCEnhancer","openjpa-kernel/src/main/java/org/apache/openjpa/enhance/PCEnhancer.java","src/main/java/org/apache/openjpa/enhance/PCEnhancer.java","AaAleRvSmNh_xRbasz6C","java:S6213","CODE_SMELL","OPEN","652","Rename this method to not match a restricted identifier."
"36","4.1.1","9d2f5f8c35691c3542606bea1d23b916bcbeda8d","1881d68c-2c8f-452b-8c6e-ee46e0c4e2cc","9a3db3eb463ab40a45485eec284d5e107a6a1f34","org.apache.openjpa.enhance.PCEnhancer","openjpa-kernel/src/main/java/org/apache/openjpa/enhance/PCEnhancer.java","src/main/java/org/apache/openjpa/enhance/PCEnhancer.java","AaAleRvSmNh_xRbasz6D","java:S6213","CODE_SMELL","OPEN","663","Rename this method to not match a restricted identifier."
"36","4.1.1","9d2f5f8c35691c3542606bea1d23b916bcbeda8d","1881d68c-2c8f-452b-8c6e-ee46e0c4e2cc","9a3db3eb463ab40a45485eec284d5e107a6a1f34","org.apache.openjpa.enhance.PCEnhancer","openjpa-kernel/src/main/java/org/apache/openjpa/enhance/PCEnhancer.java","src/main/java/org/apache/openjpa/enhance/PCEnhancer.java","AaAleRvSmNh_xRbasz6E","java:S1659","CODE_SMELL","OPEN","705","Declare ""setter"" on a separate line."
"36","4.1.1","9d2f5f8c35691c3542606bea1d23b916bcbeda8d","1881d68c-2c8f-452b-8c6e-ee46e0c4e2cc","9a3db3eb463ab40a45485eec284d5e107a6a1f34","org.apache.openjpa.enhance.PCEnhancer","openjpa-kernel/src/main/java/org/apache/openjpa/enhance/PCEnhancer.java","src/main/java/org/apache/openjpa/enhance/PCEnhancer.java","AaAleRvSmNh_xRbasz6F","java:S1659","CODE_SMELL","OPEN","706","Declare ""assigned"" on a separate line."
"36","4.1.1","9d2f5f8c35691c3542606bea1d23b916bcbeda8d","1881d68c-2c8f-452b-8c6e-ee46e0c4e2cc","9a3db3eb463ab40a45485eec284d5e107a6a1f34","org.apache.openjpa.enhance.PCEnhancer","openjpa-kernel/src/main/java/org/apache/openjpa/enhance/PCEnhancer.java","src/main/java/org/apache/openjpa/enhance/PCEnhancer.java","AaAleRvSmNh_xRbasz5b","java:S135","CODE_SMELL","OPEN","708","Reduce the total number of break and continue statements in this loop to use at most one."
"36","4.1.1","9d2f5f8c35691c3542606bea1d23b916bcbeda8d","1881d68c-2c8f-452b-8c6e-ee46e0c4e2cc","9a3db3eb463ab40a45485eec284d5e107a6a1f34","org.apache.openjpa.enhance.PCEnhancer","openjpa-kernel/src/main/java/org/apache/openjpa/enhance/PCEnhancer.java","src/main/java/org/apache/openjpa/enhance/PCEnhancer.java","AaAleRvSmNh_xRbasz6G","java:S1135","CODE_SMELL","OPEN","749","Complete the task associated to this TODO comment."
"36","4.1.1","9d2f5f8c35691c3542606bea1d23b916bcbeda8d","1881d68c-2c8f-452b-8c6e-ee46e0c4e2cc","9a3db3eb463ab40a45485eec284d5e107a6a1f34","org.apache.openjpa.enhance.PCEnhancer","openjpa-kernel/src/main/java/org/apache/openjpa/enhance/PCEnhancer.java","src/main/java/org/apache/openjpa/enhance/PCEnhancer.java","AaAleRvSmNh_xRbasz6H","java:S3878","CODE_SMELL","OPEN","763","Remove this array creation and simply pass the elements."
"36","4.1.1","9d2f5f8c35691c3542606bea1d23b916bcbeda8d","1881d68c-2c8f-452b-8c6e-ee46e0c4e2cc","9a3db3eb463ab40a45485eec284d5e107a6a1f34","org.apache.openjpa.enhance.PCEnhancer","openjpa-kernel/src/main/java/org/apache/openjpa/enhance/PCEnhancer.java","src/main/java/org/apache/openjpa/enhance/PCEnhancer.java","AaAleRvSmNh_xRbasz6I","java:S1155","CODE_SMELL","OPEN","818","Use isEmpty() to check whether the collection is empty or not."
"36","4.1.1","9d2f5f8c35691c3542606bea1d23b916bcbeda8d","1881d68c-2c8f-452b-8c6e-ee46e0c4e2cc","9a3db3eb463ab40a45485eec284d5e107a6a1f34","org.apache.openjpa.enhance.PCEnhancer","openjpa-kernel/src/main/java/org/apache/openjpa/enhance/PCEnhancer.java","src/main/java/org/apache/openjpa/enhance/PCEnhancer.java","AaAleRvSmNh_xRbasz6J","java:S3776","CODE_SMELL","OPEN","904","Refactor this method to reduce its Cognitive Complexity from 25 to the 15 allowed."
"36","4.1.1","9d2f5f8c35691c3542606bea1d23b916bcbeda8d","1881d68c-2c8f-452b-8c6e-ee46e0c4e2cc","9a3db3eb463ab40a45485eec284d5e107a6a1f34","org.apache.openjpa.enhance.PCEnhancer","openjpa-kernel/src/main/java/org/apache/openjpa/enhance/PCEnhancer.java","src/main/java/org/apache/openjpa/enhance/PCEnhancer.java","AaAleRvSmNh_xRbasz6K","java:S1659","CODE_SMELL","OPEN","919","Declare ""earlierInsn"" on a separate line."
"36","4.1.1","9d2f5f8c35691c3542606bea1d23b916bcbeda8d","1881d68c-2c8f-452b-8c6e-ee46e0c4e2cc","9a3db3eb463ab40a45485eec284d5e107a6a1f34","org.apache.openjpa.enhance.PCEnhancer","openjpa-kernel/src/main/java/org/apache/openjpa/enhance/PCEnhancer.java","src/main/java/org/apache/openjpa/enhance/PCEnhancer.java","AaAleRvSmNh_xRbasz6L","java:S3776","CODE_SMELL","OPEN","1072","Refactor this method to reduce its Cognitive Complexity from 28 to the 15 allowed."
"36","4.1.1","9d2f5f8c35691c3542606bea1d23b916bcbeda8d","1881d68c-2c8f-452b-8c6e-ee46e0c4e2cc","9a3db3eb463ab40a45485eec284d5e107a6a1f34","org.apache.openjpa.enhance.PCEnhancer","openjpa-kernel/src/main/java/org/apache/openjpa/enhance/PCEnhancer.java","src/main/java/org/apache/openjpa/enhance/PCEnhancer.java","AaAleRvSmNh_xRbasz5w","java:S1192","CODE_SMELL","OPEN","1342","Define a constant instead of duplicating this literal ""ClearFields"" 3 times."
"36","4.1.1","9d2f5f8c35691c3542606bea1d23b916bcbeda8d","1881d68c-2c8f-452b-8c6e-ee46e0c4e2cc","9a3db3eb463ab40a45485eec284d5e107a6a1f34","org.apache.openjpa.enhance.PCEnhancer","openjpa-kernel/src/main/java/org/apache/openjpa/enhance/PCEnhancer.java","src/main/java/org/apache/openjpa/enhance/PCEnhancer.java","AaAleRvSmNh_xRbasz5f","java:S1192","CODE_SMELL","OPEN","1449","Define a constant instead of duplicating this literal ""CopyKeyFieldsFromObjectId"" 5 times."
"36","4.1.1","9d2f5f8c35691c3542606bea1d23b916bcbeda8d","1881d68c-2c8f-452b-8c6e-ee46e0c4e2cc","9a3db3eb463ab40a45485eec284d5e107a6a1f34","org.apache.openjpa.enhance.PCEnhancer","openjpa-kernel/src/main/java/org/apache/openjpa/enhance/PCEnhancer.java","src/main/java/org/apache/openjpa/enhance/PCEnhancer.java","AaAleRvSmNh_xRbasz5v","java:S1192","CODE_SMELL","OPEN","1464","Define a constant instead of duplicating this literal ""GetManagedFieldCount"" 3 times."
"36","4.1.1","9d2f5f8c35691c3542606bea1d23b916bcbeda8d","1881d68c-2c8f-452b-8c6e-ee46e0c4e2cc","9a3db3eb463ab40a45485eec284d5e107a6a1f34","org.apache.openjpa.enhance.PCEnhancer","openjpa-kernel/src/main/java/org/apache/openjpa/enhance/PCEnhancer.java","src/main/java/org/apache/openjpa/enhance/PCEnhancer.java","AaAleRvSmNh_xRbasz6M","java:S125","CODE_SMELL","OPEN","1520","This block of commented-out lines of code should be removed."
"36","4.1.1","9d2f5f8c35691c3542606bea1d23b916bcbeda8d","1881d68c-2c8f-452b-8c6e-ee46e0c4e2cc","9a3db3eb463ab40a45485eec284d5e107a6a1f34","org.apache.openjpa.enhance.PCEnhancer","openjpa-kernel/src/main/java/org/apache/openjpa/enhance/PCEnhancer.java","src/main/java/org/apache/openjpa/enhance/PCEnhancer.java","AaAleRvSmNh_xRbasz6N","java:S125","CODE_SMELL","OPEN","1582","This block of commented-out lines of code should be removed."
"36","4.1.1","9d2f5f8c35691c3542606bea1d23b916bcbeda8d","1881d68c-2c8f-452b-8c6e-ee46e0c4e2cc","9a3db3eb463ab40a45485eec284d5e107a6a1f34","org.apache.openjpa.enhance.PCEnhancer","openjpa-kernel/src/main/java/org/apache/openjpa/enhance/PCEnhancer.java","src/main/java/org/apache/openjpa/enhance/PCEnhancer.java","AaAleRvSmNh_xRbasz5U","java:S1199","CODE_SMELL","OPEN","2102","Extract this nested code block into a method."
"36","4.1.1","9d2f5f8c35691c3542606bea1d23b916bcbeda8d","1881d68c-2c8f-452b-8c6e-ee46e0c4e2cc","9a3db3eb463ab40a45485eec284d5e107a6a1f34","org.apache.openjpa.enhance.PCEnhancer","openjpa-kernel/src/main/java/org/apache/openjpa/enhance/PCEnhancer.java","src/main/java/org/apache/openjpa/enhance/PCEnhancer.java","AaAleRvSmNh_xRbasz5x","java:S1192","CODE_SMELL","OPEN","2105","Define a constant instead of duplicating this literal ""CopyKeyFieldsToObjectId"" 4 times."
"36","4.1.1","9d2f5f8c35691c3542606bea1d23b916bcbeda8d","1881d68c-2c8f-452b-8c6e-ee46e0c4e2cc","9a3db3eb463ab40a45485eec284d5e107a6a1f34","org.apache.openjpa.enhance.PCEnhancer","openjpa-kernel/src/main/java/org/apache/openjpa/enhance/PCEnhancer.java","src/main/java/org/apache/openjpa/enhance/PCEnhancer.java","AaAleRvSmNh_xRbasz5V","java:S1199","CODE_SMELL","OPEN","2112","Extract this nested code block into a method."
"36","4.1.1","9d2f5f8c35691c3542606bea1d23b916bcbeda8d","1881d68c-2c8f-452b-8c6e-ee46e0c4e2cc","9a3db3eb463ab40a45485eec284d5e107a6a1f34","org.apache.openjpa.enhance.PCEnhancer","openjpa-kernel/src/main/java/org/apache/openjpa/enhance/PCEnhancer.java","src/main/java/org/apache/openjpa/enhance/PCEnhancer.java","AaAleRvSmNh_xRbasz5W","java:S1199","CODE_SMELL","OPEN","2122","Extract this nested code block into a method."
"36","4.1.1","9d2f5f8c35691c3542606bea1d23b916bcbeda8d","1881d68c-2c8f-452b-8c6e-ee46e0c4e2cc","9a3db3eb463ab40a45485eec284d5e107a6a1f34","org.apache.openjpa.enhance.PCEnhancer","openjpa-kernel/src/main/java/org/apache/openjpa/enhance/PCEnhancer.java","src/main/java/org/apache/openjpa/enhance/PCEnhancer.java","AaAleRvSmNh_xRbasz5X","java:S1199","CODE_SMELL","OPEN","2132","Extract this nested code block into a method."
"36","4.1.1","9d2f5f8c35691c3542606bea1d23b916bcbeda8d","1881d68c-2c8f-452b-8c6e-ee46e0c4e2cc","9a3db3eb463ab40a45485eec284d5e107a6a1f34","org.apache.openjpa.enhance.PCEnhancer","openjpa-kernel/src/main/java/org/apache/openjpa/enhance/PCEnhancer.java","src/main/java/org/apache/openjpa/enhance/PCEnhancer.java","AaAleRvSmNh_xRbasz5Y","java:S1199","CODE_SMELL","OPEN","2142","Extract this nested code block into a method."
"36","4.1.1","9d2f5f8c35691c3542606bea1d23b916bcbeda8d","1881d68c-2c8f-452b-8c6e-ee46e0c4e2cc","9a3db3eb463ab40a45485eec284d5e107a6a1f34","org.apache.openjpa.enhance.PCEnhancer","openjpa-kernel/src/main/java/org/apache/openjpa/enhance/PCEnhancer.java","src/main/java/org/apache/openjpa/enhance/PCEnhancer.java","AaAleRvSmNh_xRbasz5p","java:S1192","CODE_SMELL","OPEN","2145","Define a constant instead of duplicating this literal ""NewObjectIdInstance"" 4 times."
"36","4.1.1","9d2f5f8c35691c3542606bea1d23b916bcbeda8d","1881d68c-2c8f-452b-8c6e-ee46e0c4e2cc","9a3db3eb463ab40a45485eec284d5e107a6a1f34","org.apache.openjpa.enhance.PCEnhancer","openjpa-kernel/src/main/java/org/apache/openjpa/enhance/PCEnhancer.java","src/main/java/org/apache/openjpa/enhance/PCEnhancer.java","AaAleRvSmNh_xRbasz5Z","java:S1199","CODE_SMELL","OPEN","2153","Extract this nested code block into a method."
"36","4.1.1","9d2f5f8c35691c3542606bea1d23b916bcbeda8d","1881d68c-2c8f-452b-8c6e-ee46e0c4e2cc","9a3db3eb463ab40a45485eec284d5e107a6a1f34","org.apache.openjpa.enhance.PCEnhancer","openjpa-kernel/src/main/java/org/apache/openjpa/enhance/PCEnhancer.java","src/main/java/org/apache/openjpa/enhance/PCEnhancer.java","AaAleRvSmNh_xRbasz6O","java:S3776","CODE_SMELL","OPEN","2170","Refactor this method to reduce its Cognitive Complexity from 99 to the 15 allowed."
"36","4.1.1","9d2f5f8c35691c3542606bea1d23b916bcbeda8d","1881d68c-2c8f-452b-8c6e-ee46e0c4e2cc","9a3db3eb463ab40a45485eec284d5e107a6a1f34","org.apache.openjpa.enhance.PCEnhancer","openjpa-kernel/src/main/java/org/apache/openjpa/enhance/PCEnhancer.java","src/main/java/org/apache/openjpa/enhance/PCEnhancer.java","AaAleRvSmNh_xRbasz5o","java:S1192","CODE_SMELL","OPEN","2216","Define a constant instead of duplicating this literal ""getId"" 21 times."
"36","4.1.1","9d2f5f8c35691c3542606bea1d23b916bcbeda8d","1881d68c-2c8f-452b-8c6e-ee46e0c4e2cc","9a3db3eb463ab40a45485eec284d5e107a6a1f34","org.apache.openjpa.enhance.PCEnhancer","openjpa-kernel/src/main/java/org/apache/openjpa/enhance/PCEnhancer.java","src/main/java/org/apache/openjpa/enhance/PCEnhancer.java","AaAleRvSmNh_xRbasz5t","java:S1192","CODE_SMELL","OPEN","2360","Define a constant instead of duplicating this literal ""findField"" 4 times."
"36","4.1.1","9d2f5f8c35691c3542606bea1d23b916bcbeda8d","1881d68c-2c8f-452b-8c6e-ee46e0c4e2cc","9a3db3eb463ab40a45485eec284d5e107a6a1f34","org.apache.openjpa.enhance.PCEnhancer","openjpa-kernel/src/main/java/org/apache/openjpa/enhance/PCEnhancer.java","src/main/java/org/apache/openjpa/enhance/PCEnhancer.java","AaAleRvSmNh_xRbasz6R","java:S3776","CODE_SMELL","OPEN","2458","Refactor this method to reduce its Cognitive Complexity from 37 to the 15 allowed."
"36","4.1.1","9d2f5f8c35691c3542606bea1d23b916bcbeda8d","1881d68c-2c8f-452b-8c6e-ee46e0c4e2cc","9a3db3eb463ab40a45485eec284d5e107a6a1f34","org.apache.openjpa.enhance.PCEnhancer","openjpa-kernel/src/main/java/org/apache/openjpa/enhance/PCEnhancer.java","src/main/java/org/apache/openjpa/enhance/PCEnhancer.java","AaAleRvSmNh_xRbasz6S","java:S1172","CODE_SMELL","OPEN","2458","Remove this unused method parameter ""classNode""."
"36","4.1.1","9d2f5f8c35691c3542606bea1d23b916bcbeda8d","1881d68c-2c8f-452b-8c6e-ee46e0c4e2cc","9a3db3eb463ab40a45485eec284d5e107a6a1f34","org.apache.openjpa.enhance.PCEnhancer","openjpa-kernel/src/main/java/org/apache/openjpa/enhance/PCEnhancer.java","src/main/java/org/apache/openjpa/enhance/PCEnhancer.java","AaAleRvSmNh_xRbasz6T","java:S125","CODE_SMELL","OPEN","2459","This block of commented-out lines of code should be removed."
"36","4.1.1","9d2f5f8c35691c3542606bea1d23b916bcbeda8d","1881d68c-2c8f-452b-8c6e-ee46e0c4e2cc","9a3db3eb463ab40a45485eec284d5e107a6a1f34","org.apache.openjpa.enhance.PCEnhancer","openjpa-kernel/src/main/java/org/apache/openjpa/enhance/PCEnhancer.java","src/main/java/org/apache/openjpa/enhance/PCEnhancer.java","AaAleRvSmNh_xRbasz6U","java:S3776","CODE_SMELL","OPEN","2740","Refactor this method to reduce its Cognitive Complexity from 107 to the 15 allowed."
"36","4.1.1","9d2f5f8c35691c3542606bea1d23b916bcbeda8d","1881d68c-2c8f-452b-8c6e-ee46e0c4e2cc","9a3db3eb463ab40a45485eec284d5e107a6a1f34","org.apache.openjpa.enhance.PCEnhancer","openjpa-kernel/src/main/java/org/apache/openjpa/enhance/PCEnhancer.java","src/main/java/org/apache/openjpa/enhance/PCEnhancer.java","AaAleRvSmNh_xRbasz6V","java:S1181","CODE_SMELL","OPEN","2997","Catch Exception instead of Throwable."
"36","4.1.1","9d2f5f8c35691c3542606bea1d23b916bcbeda8d","1881d68c-2c8f-452b-8c6e-ee46e0c4e2cc","9a3db3eb463ab40a45485eec284d5e107a6a1f34","org.apache.openjpa.enhance.PCEnhancer","openjpa-kernel/src/main/java/org/apache/openjpa/enhance/PCEnhancer.java","src/main/java/org/apache/openjpa/enhance/PCEnhancer.java","AaAleRvSmNh_xRbasz6W","java:S108","CODE_SMELL","OPEN","2997","Remove this block of code, fill it in, or add a comment explaining why it is empty."
"36","4.1.1","9d2f5f8c35691c3542606bea1d23b916bcbeda8d","1881d68c-2c8f-452b-8c6e-ee46e0c4e2cc","9a3db3eb463ab40a45485eec284d5e107a6a1f34","org.apache.openjpa.enhance.PCEnhancer","openjpa-kernel/src/main/java/org/apache/openjpa/enhance/PCEnhancer.java","src/main/java/org/apache/openjpa/enhance/PCEnhancer.java","AaAleRvSmNh_xRbasz6X","java:S1181","CODE_SMELL","OPEN","3003","Catch Exception instead of Throwable."
"36","4.1.1","9d2f5f8c35691c3542606bea1d23b916bcbeda8d","1881d68c-2c8f-452b-8c6e-ee46e0c4e2cc","9a3db3eb463ab40a45485eec284d5e107a6a1f34","org.apache.openjpa.enhance.PCEnhancer","openjpa-kernel/src/main/java/org/apache/openjpa/enhance/PCEnhancer.java","src/main/java/org/apache/openjpa/enhance/PCEnhancer.java","AaAleRvSmNh_xRbasz6Y","java:S108","CODE_SMELL","OPEN","3003","Remove this block of code, fill it in, or add a comment explaining why it is empty."
"36","4.1.1","9d2f5f8c35691c3542606bea1d23b916bcbeda8d","1881d68c-2c8f-452b-8c6e-ee46e0c4e2cc","9a3db3eb463ab40a45485eec284d5e107a6a1f34","org.apache.openjpa.enhance.PCEnhancer","openjpa-kernel/src/main/java/org/apache/openjpa/enhance/PCEnhancer.java","src/main/java/org/apache/openjpa/enhance/PCEnhancer.java","AaAleRvSmNh_xRbasz6Z","java:S3776","CODE_SMELL","OPEN","3073","Refactor this method to reduce its Cognitive Complexity from 31 to the 15 allowed."
"36","4.1.1","9d2f5f8c35691c3542606bea1d23b916bcbeda8d","1881d68c-2c8f-452b-8c6e-ee46e0c4e2cc","9a3db3eb463ab40a45485eec284d5e107a6a1f34","org.apache.openjpa.enhance.PCEnhancer","openjpa-kernel/src/main/java/org/apache/openjpa/enhance/PCEnhancer.java","src/main/java/org/apache/openjpa/enhance/PCEnhancer.java","AaAleRvSmNh_xRbasz5l","java:S1192","CODE_SMELL","OPEN","3106","Define a constant instead of duplicating this literal ""GetIDOwningClass"" 3 times."
"36","4.1.1","9d2f5f8c35691c3542606bea1d23b916bcbeda8d","1881d68c-2c8f-452b-8c6e-ee46e0c4e2cc","9a3db3eb463ab40a45485eec284d5e107a6a1f34","org.apache.openjpa.enhance.PCEnhancer","openjpa-kernel/src/main/java/org/apache/openjpa/enhance/PCEnhancer.java","src/main/java/org/apache/openjpa/enhance/PCEnhancer.java","AaAleRvSmNh_xRbasz5k","java:S1192","CODE_SMELL","OPEN","3337","Define a constant instead of duplicating this literal ""FieldNames"" 3 times."
"36","4.1.1","9d2f5f8c35691c3542606bea1d23b916bcbeda8d","1881d68c-2c8f-452b-8c6e-ee46e0c4e2cc","9a3db3eb463ab40a45485eec284d5e107a6a1f34","org.apache.openjpa.enhance.PCEnhancer","openjpa-kernel/src/main/java/org/apache/openjpa/enhance/PCEnhancer.java","src/main/java/org/apache/openjpa/enhance/PCEnhancer.java","AaAleRvSmNh_xRbasz5u","java:S1192","CODE_SMELL","OPEN","3339","Define a constant instead of duplicating this literal ""FieldTypes"" 3 times."
"36","4.1.1","9d2f5f8c35691c3542606bea1d23b916bcbeda8d","1881d68c-2c8f-452b-8c6e-ee46e0c4e2cc","9a3db3eb463ab40a45485eec284d5e107a6a1f34","org.apache.openjpa.enhance.PCEnhancer","openjpa-kernel/src/main/java/org/apache/openjpa/enhance/PCEnhancer.java","src/main/java/org/apache/openjpa/enhance/PCEnhancer.java","AaAleRvSmNh_xRbasz5d","java:S1192","CODE_SMELL","OPEN","3341","Define a constant instead of duplicating this literal ""FieldFlags"" 3 times."
"36","4.1.1","9d2f5f8c35691c3542606bea1d23b916bcbeda8d","1881d68c-2c8f-452b-8c6e-ee46e0c4e2cc","9a3db3eb463ab40a45485eec284d5e107a6a1f34","org.apache.openjpa.enhance.PCEnhancer","openjpa-kernel/src/main/java/org/apache/openjpa/enhance/PCEnhancer.java","src/main/java/org/apache/openjpa/enhance/PCEnhancer.java","AaAleRvSmNh_xRbasz6a","java:S1181","CODE_SMELL","OPEN","3528","Catch Exception instead of Throwable."
"36","4.1.1","9d2f5f8c35691c3542606bea1d23b916bcbeda8d","1881d68c-2c8f-452b-8c6e-ee46e0c4e2cc","9a3db3eb463ab40a45485eec284d5e107a6a1f34","org.apache.openjpa.enhance.PCEnhancer","openjpa-kernel/src/main/java/org/apache/openjpa/enhance/PCEnhancer.java","src/main/java/org/apache/openjpa/enhance/PCEnhancer.java","AaAleRvSmNh_xRbasz50","java:S1192","CODE_SMELL","OPEN","3551","Define a constant instead of duplicating this literal ""writeObject"" 6 times."
"36","4.1.1","9d2f5f8c35691c3542606bea1d23b916bcbeda8d","1881d68c-2c8f-452b-8c6e-ee46e0c4e2cc","9a3db3eb463ab40a45485eec284d5e107a6a1f34","org.apache.openjpa.enhance.PCEnhancer","openjpa-kernel/src/main/java/org/apache/openjpa/enhance/PCEnhancer.java","src/main/java/org/apache/openjpa/enhance/PCEnhancer.java","AaAleRvSmNh_xRbasz5e","java:S1192","CODE_SMELL","OPEN","3569","Define a constant instead of duplicating this literal ""readObject"" 6 times."
"36","4.1.1","9d2f5f8c35691c3542606bea1d23b916bcbeda8d","1881d68c-2c8f-452b-8c6e-ee46e0c4e2cc","9a3db3eb463ab40a45485eec284d5e107a6a1f34","org.apache.openjpa.enhance.PCEnhancer","openjpa-kernel/src/main/java/org/apache/openjpa/enhance/PCEnhancer.java","src/main/java/org/apache/openjpa/enhance/PCEnhancer.java","AaAleRvSmNh_xRbasz5s","java:S1192","CODE_SMELL","OPEN","3680","Define a constant instead of duplicating this literal ""SetDetachedState"" 4 times."
"36","4.1.1","9d2f5f8c35691c3542606bea1d23b916bcbeda8d","1881d68c-2c8f-452b-8c6e-ee46e0c4e2cc","9a3db3eb463ab40a45485eec284d5e107a6a1f34","org.apache.openjpa.enhance.PCEnhancer","openjpa-kernel/src/main/java/org/apache/openjpa/enhance/PCEnhancer.java","src/main/java/org/apache/openjpa/enhance/PCEnhancer.java","AaAleRvSmNh_xRbasz6b","java:S3776","CODE_SMELL","OPEN","3765","Refactor this method to reduce its Cognitive Complexity from 32 to the 15 allowed."
"36","4.1.1","9d2f5f8c35691c3542606bea1d23b916bcbeda8d","1881d68c-2c8f-452b-8c6e-ee46e0c4e2cc","9a3db3eb463ab40a45485eec284d5e107a6a1f34","org.apache.openjpa.enhance.PCEnhancer","openjpa-kernel/src/main/java/org/apache/openjpa/enhance/PCEnhancer.java","src/main/java/org/apache/openjpa/enhance/PCEnhancer.java","AaAleRvSmNh_xRbasz5r","java:S1192","CODE_SMELL","OPEN","3770","Define a constant instead of duplicating this literal ""FALSE"" 6 times."
"36","4.1.1","9d2f5f8c35691c3542606bea1d23b916bcbeda8d","1881d68c-2c8f-452b-8c6e-ee46e0c4e2cc","9a3db3eb463ab40a45485eec284d5e107a6a1f34","org.apache.openjpa.enhance.PCEnhancer","openjpa-kernel/src/main/java/org/apache/openjpa/enhance/PCEnhancer.java","src/main/java/org/apache/openjpa/enhance/PCEnhancer.java","AaAleRvSmNh_xRbasz6c","java:S125","CODE_SMELL","OPEN","3798","This block of commented-out lines of code should be removed."
"36","4.1.1","9d2f5f8c35691c3542606bea1d23b916bcbeda8d","1881d68c-2c8f-452b-8c6e-ee46e0c4e2cc","9a3db3eb463ab40a45485eec284d5e107a6a1f34","org.apache.openjpa.enhance.PCEnhancer","openjpa-kernel/src/main/java/org/apache/openjpa/enhance/PCEnhancer.java","src/main/java/org/apache/openjpa/enhance/PCEnhancer.java","AaAleRvSmNh_xRbasz51","java:S1192","CODE_SMELL","OPEN","3813","Define a constant instead of duplicating this literal ""GetDetachedState"" 5 times."
"36","4.1.1","9d2f5f8c35691c3542606bea1d23b916bcbeda8d","1881d68c-2c8f-452b-8c6e-ee46e0c4e2cc","9a3db3eb463ab40a45485eec284d5e107a6a1f34","org.apache.openjpa.enhance.PCEnhancer","openjpa-kernel/src/main/java/org/apache/openjpa/enhance/PCEnhancer.java","src/main/java/org/apache/openjpa/enhance/PCEnhancer.java","AaAleRvSmNh_xRbasz5n","java:S1192","CODE_SMELL","OPEN","4041","Define a constant instead of duplicating this literal ""<clinit>"" 3 times."
"36","4.1.1","9d2f5f8c35691c3542606bea1d23b916bcbeda8d","1881d68c-2c8f-452b-8c6e-ee46e0c4e2cc","9a3db3eb463ab40a45485eec284d5e107a6a1f34","org.apache.openjpa.enhance.PCEnhancer","openjpa-kernel/src/main/java/org/apache/openjpa/enhance/PCEnhancer.java","src/main/java/org/apache/openjpa/enhance/PCEnhancer.java","AaAleRvSmNh_xRbasz5q","java:S1192","CODE_SMELL","OPEN","4075","Define a constant instead of duplicating this literal ""clone"" 4 times."
"36","4.1.1","9d2f5f8c35691c3542606bea1d23b916bcbeda8d","1881d68c-2c8f-452b-8c6e-ee46e0c4e2cc","9a3db3eb463ab40a45485eec284d5e107a6a1f34","org.apache.openjpa.enhance.PCEnhancer","openjpa-kernel/src/main/java/org/apache/openjpa/enhance/PCEnhancer.java","src/main/java/org/apache/openjpa/enhance/PCEnhancer.java","AaAleRvSmNh_xRbasz5R","java:S1066","CODE_SMELL","OPEN","4091","Merge this if statement with the enclosing one."
"36","4.1.1","9d2f5f8c35691c3542606bea1d23b916bcbeda8d","1881d68c-2c8f-452b-8c6e-ee46e0c4e2cc","9a3db3eb463ab40a45485eec284d5e107a6a1f34","org.apache.openjpa.enhance.PCEnhancer","openjpa-kernel/src/main/java/org/apache/openjpa/enhance/PCEnhancer.java","src/main/java/org/apache/openjpa/enhance/PCEnhancer.java","AaAleRvSmNh_xRbasz56","java:S1845","CODE_SMELL","OPEN","4524","Rename method ""getfield"" to prevent any misunderstanding/clash with method ""getField""."
"36","4.1.1","9d2f5f8c35691c3542606bea1d23b916bcbeda8d","1881d68c-2c8f-452b-8c6e-ee46e0c4e2cc","9a3db3eb463ab40a45485eec284d5e107a6a1f34","org.apache.openjpa.enhance.PCEnhancer","openjpa-kernel/src/main/java/org/apache/openjpa/enhance/PCEnhancer.java","src/main/java/org/apache/openjpa/enhance/PCEnhancer.java","AaAleRvSmNh_xRbasz6d","java:S1940","CODE_SMELL","OPEN","4529","Use the opposite operator (""<="") instead."
"36","4.1.1","9d2f5f8c35691c3542606bea1d23b916bcbeda8d","1881d68c-2c8f-452b-8c6e-ee46e0c4e2cc","9a3db3eb463ab40a45485eec284d5e107a6a1f34","org.apache.openjpa.enhance.PCEnhancer","openjpa-kernel/src/main/java/org/apache/openjpa/enhance/PCEnhancer.java","src/main/java/org/apache/openjpa/enhance/PCEnhancer.java","AaAleRvSmNh_xRbasz6e","java:S125","CODE_SMELL","OPEN","4534","This block of commented-out lines of code should be removed."
"36","4.1.1","9d2f5f8c35691c3542606bea1d23b916bcbeda8d","1881d68c-2c8f-452b-8c6e-ee46e0c4e2cc","9a3db3eb463ab40a45485eec284d5e107a6a1f34","org.apache.openjpa.enhance.PCEnhancer","openjpa-kernel/src/main/java/org/apache/openjpa/enhance/PCEnhancer.java","src/main/java/org/apache/openjpa/enhance/PCEnhancer.java","AaAleRvSmNh_xRbasz6f","java:S125","CODE_SMELL","OPEN","4544","This block of commented-out lines of code should be removed."
"36","4.1.1","9d2f5f8c35691c3542606bea1d23b916bcbeda8d","1881d68c-2c8f-452b-8c6e-ee46e0c4e2cc","9a3db3eb463ab40a45485eec284d5e107a6a1f34","org.apache.openjpa.enhance.PCEnhancer","openjpa-kernel/src/main/java/org/apache/openjpa/enhance/PCEnhancer.java","src/main/java/org/apache/openjpa/enhance/PCEnhancer.java","AaAleRvSmNh_xRbasz6i","java:S3776","CODE_SMELL","OPEN","4671","Refactor this method to reduce its Cognitive Complexity from 17 to the 15 allowed."
"36","4.1.1","9d2f5f8c35691c3542606bea1d23b916bcbeda8d","1881d68c-2c8f-452b-8c6e-ee46e0c4e2cc","9a3db3eb463ab40a45485eec284d5e107a6a1f34","org.apache.openjpa.enhance.PCEnhancer","openjpa-kernel/src/main/java/org/apache/openjpa/enhance/PCEnhancer.java","src/main/java/org/apache/openjpa/enhance/PCEnhancer.java","AaAleRvSmNh_xRbasz5m","java:S1192","CODE_SMELL","OPEN","4709","Define a constant instead of duplicating this literal ""readExternal"" 3 times."
"36","4.1.1","9d2f5f8c35691c3542606bea1d23b916bcbeda8d","1881d68c-2c8f-452b-8c6e-ee46e0c4e2cc","9a3db3eb463ab40a45485eec284d5e107a6a1f34","org.apache.openjpa.enhance.PCEnhancer","openjpa-kernel/src/main/java/org/apache/openjpa/enhance/PCEnhancer.java","src/main/java/org/apache/openjpa/enhance/PCEnhancer.java","AaAleRvSmNh_xRbasz5z","java:S1192","CODE_SMELL","OPEN","4713","Define a constant instead of duplicating this literal ""writeExternal"" 3 times."
"36","4.1.1","9d2f5f8c35691c3542606bea1d23b916bcbeda8d","1881d68c-2c8f-452b-8c6e-ee46e0c4e2cc","9a3db3eb463ab40a45485eec284d5e107a6a1f34","org.apache.openjpa.enhance.PCEnhancer","openjpa-kernel/src/main/java/org/apache/openjpa/enhance/PCEnhancer.java","src/main/java/org/apache/openjpa/enhance/PCEnhancer.java","AaAleRvSmNh_xRbasz5j","java:S1192","CODE_SMELL","OPEN","4771","Define a constant instead of duplicating this literal ""ReadUnmanaged"" 3 times."
"36","4.1.1","9d2f5f8c35691c3542606bea1d23b916bcbeda8d","1881d68c-2c8f-452b-8c6e-ee46e0c4e2cc","9a3db3eb463ab40a45485eec284d5e107a6a1f34","org.apache.openjpa.enhance.PCEnhancer","openjpa-kernel/src/main/java/org/apache/openjpa/enhance/PCEnhancer.java","src/main/java/org/apache/openjpa/enhance/PCEnhancer.java","AaAleRvSmNh_xRbasz6j","java:S125","CODE_SMELL","OPEN","4804","This block of commented-out lines of code should be removed."
"36","4.1.1","9d2f5f8c35691c3542606bea1d23b916bcbeda8d","1881d68c-2c8f-452b-8c6e-ee46e0c4e2cc","9a3db3eb463ab40a45485eec284d5e107a6a1f34","org.apache.openjpa.enhance.PCEnhancer","openjpa-kernel/src/main/java/org/apache/openjpa/enhance/PCEnhancer.java","src/main/java/org/apache/openjpa/enhance/PCEnhancer.java","AaAleRvSmNh_xRbasz5g","java:S1192","CODE_SMELL","OPEN","4809","Define a constant instead of duplicating this literal ""readExternalFields"" 3 times."
"36","4.1.1","9d2f5f8c35691c3542606bea1d23b916bcbeda8d","1881d68c-2c8f-452b-8c6e-ee46e0c4e2cc","9a3db3eb463ab40a45485eec284d5e107a6a1f34","org.apache.openjpa.enhance.PCEnhancer","openjpa-kernel/src/main/java/org/apache/openjpa/enhance/PCEnhancer.java","src/main/java/org/apache/openjpa/enhance/PCEnhancer.java","AaAleRvSmNh_xRbasz5a","java:S112","CODE_SMELL","OPEN","4917","Replace generic exceptions with specific library exceptions or a custom exception."
"36","4.1.1","9d2f5f8c35691c3542606bea1d23b916bcbeda8d","1881d68c-2c8f-452b-8c6e-ee46e0c4e2cc","9a3db3eb463ab40a45485eec284d5e107a6a1f34","org.apache.openjpa.enhance.PCEnhancer","openjpa-kernel/src/main/java/org/apache/openjpa/enhance/PCEnhancer.java","src/main/java/org/apache/openjpa/enhance/PCEnhancer.java","AaAleRvSmNh_xRbasz5y","java:S1192","CODE_SMELL","OPEN","4983","Define a constant instead of duplicating this literal ""WriteUnmanaged"" 3 times."
"36","4.1.1","9d2f5f8c35691c3542606bea1d23b916bcbeda8d","1881d68c-2c8f-452b-8c6e-ee46e0c4e2cc","9a3db3eb463ab40a45485eec284d5e107a6a1f34","org.apache.openjpa.enhance.PCEnhancer","openjpa-kernel/src/main/java/org/apache/openjpa/enhance/PCEnhancer.java","src/main/java/org/apache/openjpa/enhance/PCEnhancer.java","AaAleRvSmNh_xRbasz5h","java:S1192","CODE_SMELL","OPEN","5040","Define a constant instead of duplicating this literal ""writeExternalFields"" 3 times."
"36","4.1.1","9d2f5f8c35691c3542606bea1d23b916bcbeda8d","1881d68c-2c8f-452b-8c6e-ee46e0c4e2cc","9a3db3eb463ab40a45485eec284d5e107a6a1f34","org.apache.openjpa.enhance.PCEnhancer","openjpa-kernel/src/main/java/org/apache/openjpa/enhance/PCEnhancer.java","src/main/java/org/apache/openjpa/enhance/PCEnhancer.java","AaAleRvSmNh_xRbasz5S","java:S1488","CODE_SMELL","OPEN","5334","Immediately return this expression instead of assigning it to the temporary variable ""getter""."
"36","4.1.1","9d2f5f8c35691c3542606bea1d23b916bcbeda8d","1881d68c-2c8f-452b-8c6e-ee46e0c4e2cc","9a3db3eb463ab40a45485eec284d5e107a6a1f34","org.apache.openjpa.enhance.PCEnhancer","openjpa-kernel/src/main/java/org/apache/openjpa/enhance/PCEnhancer.java","src/main/java/org/apache/openjpa/enhance/PCEnhancer.java","AaAleRvSmNh_xRbasz5T","java:S1488","CODE_SMELL","OPEN","5391","Immediately return this expression instead of assigning it to the temporary variable ""setter""."
"36","4.1.1","9d2f5f8c35691c3542606bea1d23b916bcbeda8d","1881d68c-2c8f-452b-8c6e-ee46e0c4e2cc","9a3db3eb463ab40a45485eec284d5e107a6a1f34","org.apache.openjpa.enhance.PCEnhancer","openjpa-kernel/src/main/java/org/apache/openjpa/enhance/PCEnhancer.java","src/main/java/org/apache/openjpa/enhance/PCEnhancer.java","AaAleRvSmNh_xRbasz6k","java:S1168","CODE_SMELL","OPEN","5710","Return an empty collection instead of null."
"36","4.1.1","9d2f5f8c35691c3542606bea1d23b916bcbeda8d","1881d68c-2c8f-452b-8c6e-ee46e0c4e2cc","9a3db3eb463ab40a45485eec284d5e107a6a1f34","org.apache.openjpa.enhance.PCEnhancer","openjpa-kernel/src/main/java/org/apache/openjpa/enhance/PCEnhancer.java","src/main/java/org/apache/openjpa/enhance/PCEnhancer.java","AaAleRvSmNh_xRbasz6l","java:S1168","CODE_SMELL","OPEN","5715","Return an empty collection instead of null."
"36","4.1.1","9d2f5f8c35691c3542606bea1d23b916bcbeda8d","1881d68c-2c8f-452b-8c6e-ee46e0c4e2cc","9a3db3eb463ab40a45485eec284d5e107a6a1f34","org.apache.openjpa.enhance.PCEnhancer","openjpa-kernel/src/main/java/org/apache/openjpa/enhance/PCEnhancer.java","src/main/java/org/apache/openjpa/enhance/PCEnhancer.java","AaAleRvSmNh_xRbasz6m","java:S1168","CODE_SMELL","OPEN","5722","Return an empty collection instead of null."
"36","4.1.1","9d2f5f8c35691c3542606bea1d23b916bcbeda8d","1881d68c-2c8f-452b-8c6e-ee46e0c4e2cc","9a3db3eb463ab40a45485eec284d5e107a6a1f34","org.apache.openjpa.enhance.PCEnhancer","openjpa-kernel/src/main/java/org/apache/openjpa/enhance/PCEnhancer.java","src/main/java/org/apache/openjpa/enhance/PCEnhancer.java","AaAleRvSmNh_xRbasz6n","java:S1155","CODE_SMELL","OPEN","5725","Use isEmpty() to check whether the collection is empty or not."
"36","4.1.1","9d2f5f8c35691c3542606bea1d23b916bcbeda8d","1881d68c-2c8f-452b-8c6e-ee46e0c4e2cc","9a3db3eb463ab40a45485eec284d5e107a6a1f34","org.apache.openjpa.enhance.PCEnhancer","openjpa-kernel/src/main/java/org/apache/openjpa/enhance/PCEnhancer.java","src/main/java/org/apache/openjpa/enhance/PCEnhancer.java","AaAleRvSmNh_xRbasz6o","java:S3776","CODE_SMELL","OPEN","5736","Refactor this method to reduce its Cognitive Complexity from 30 to the 15 allowed."
"36","4.1.1","9d2f5f8c35691c3542606bea1d23b916bcbeda8d","1881d68c-2c8f-452b-8c6e-ee46e0c4e2cc","9a3db3eb463ab40a45485eec284d5e107a6a1f34","org.apache.openjpa.enhance.PCEnhancer","openjpa-kernel/src/main/java/org/apache/openjpa/enhance/PCEnhancer.java","src/main/java/org/apache/openjpa/enhance/PCEnhancer.java","AaAleRvSmNh_xRbasz6p","java:S1168","CODE_SMELL","OPEN","5743","Return an empty array instead of null."
"36","4.1.1","9d2f5f8c35691c3542606bea1d23b916bcbeda8d","1881d68c-2c8f-452b-8c6e-ee46e0c4e2cc","9a3db3eb463ab40a45485eec284d5e107a6a1f34","org.apache.openjpa.enhance.PCEnhancer","openjpa-kernel/src/main/java/org/apache/openjpa/enhance/PCEnhancer.java","src/main/java/org/apache/openjpa/enhance/PCEnhancer.java","AaAleRvSmNh_xRbasz5c","java:S135","CODE_SMELL","OPEN","5747","Reduce the total number of break and continue statements in this loop to use at most one."
"36","4.1.1","9d2f5f8c35691c3542606bea1d23b916bcbeda8d","1881d68c-2c8f-452b-8c6e-ee46e0c4e2cc","9a3db3eb463ab40a45485eec284d5e107a6a1f34","org.apache.openjpa.enhance.PCEnhancer","openjpa-kernel/src/main/java/org/apache/openjpa/enhance/PCEnhancer.java","src/main/java/org/apache/openjpa/enhance/PCEnhancer.java","AaAleRvSmNh_xRbasz6q","java:S1168","CODE_SMELL","OPEN","5802","Return an empty array instead of null."
"36","4.1.1","9d2f5f8c35691c3542606bea1d23b916bcbeda8d","1881d68c-2c8f-452b-8c6e-ee46e0c4e2cc","9a3db3eb463ab40a45485eec284d5e107a6a1f34","org.apache.openjpa.enhance.PCEnhancer","openjpa-kernel/src/main/java/org/apache/openjpa/enhance/PCEnhancer.java","src/main/java/org/apache/openjpa/enhance/PCEnhancer.java","AaALPZMXTV2yRQvmS5BZ","java:S125","CODE_SMELL","OPEN","1611","This block of commented-out lines of code should be removed."
"36","4.1.1","9d2f5f8c35691c3542606bea1d23b916bcbeda8d","1881d68c-2c8f-452b-8c6e-ee46e0c4e2cc","9a3db3eb463ab40a45485eec284d5e107a6a1f34","org.apache.openjpa.enhance.PCEnhancer","openjpa-kernel/src/main/java/org/apache/openjpa/enhance/PCEnhancer.java","src/main/java/org/apache/openjpa/enhance/PCEnhancer.java","AaALOanhQulb_Xfn-xTw","java:S116","CODE_SMELL","OPEN","202","Rename this field ""_addVersionInitFlag"" to match the regular expression '^[a-z][a-zA-Z0-9]*$'."
"36","4.1.1","9d2f5f8c35691c3542606bea1d23b916bcbeda8d","1881d68c-2c8f-452b-8c6e-ee46e0c4e2cc","9a3db3eb463ab40a45485eec284d5e107a6a1f34","org.apache.openjpa.enhance.PCEnhancer","openjpa-kernel/src/main/java/org/apache/openjpa/enhance/PCEnhancer.java","src/main/java/org/apache/openjpa/enhance/PCEnhancer.java","AaALOanhQulb_Xfn-xT1","java:S125","CODE_SMELL","OPEN","2806","This block of commented-out lines of code should be removed."
"36","4.1.1","9d2f5f8c35691c3542606bea1d23b916bcbeda8d","1881d68c-2c8f-452b-8c6e-ee46e0c4e2cc","9a3db3eb463ab40a45485eec284d5e107a6a1f34","org.apache.openjpa.enhance.PCEnhancer","openjpa-kernel/src/main/java/org/apache/openjpa/enhance/PCEnhancer.java","src/main/java/org/apache/openjpa/enhance/PCEnhancer.java","AaALOanhQulb_Xfn-xT5","java:S125","CODE_SMELL","OPEN","3871","This block of commented-out lines of code should be removed."
"36","4.1.1","9d2f5f8c35691c3542606bea1d23b916bcbeda8d","1881d68c-2c8f-452b-8c6e-ee46e0c4e2cc","9a3db3eb463ab40a45485eec284d5e107a6a1f34","org.apache.openjpa.enhance.PCEnhancer","openjpa-kernel/src/main/java/org/apache/openjpa/enhance/PCEnhancer.java","src/main/java/org/apache/openjpa/enhance/PCEnhancer.java","AaALOanhQulb_Xfn-xT6","java:S125","CODE_SMELL","OPEN","3877","This block of commented-out lines of code should be removed."
"36","4.1.1","9d2f5f8c35691c3542606bea1d23b916bcbeda8d","1881d68c-2c8f-452b-8c6e-ee46e0c4e2cc","9a3db3eb463ab40a45485eec284d5e107a6a1f34","org.apache.openjpa.enhance.PCEnhancer","openjpa-kernel/src/main/java/org/apache/openjpa/enhance/PCEnhancer.java","src/main/java/org/apache/openjpa/enhance/PCEnhancer.java","AaALOanhQulb_Xfn-xT0","java:S125","CODE_SMELL","OPEN","4391","This block of commented-out lines of code should be removed."
"36","4.1.1","9d2f5f8c35691c3542606bea1d23b916bcbeda8d","1881d68c-2c8f-452b-8c6e-ee46e0c4e2cc","9a3db3eb463ab40a45485eec284d5e107a6a1f34","org.apache.openjpa.enhance.PCEnhancer","openjpa-kernel/src/main/java/org/apache/openjpa/enhance/PCEnhancer.java","src/main/java/org/apache/openjpa/enhance/PCEnhancer.java","AaALMFD81r5TurFMiUn-","java:S125","CODE_SMELL","OPEN","3745","This block of commented-out lines of code should be removed."
"36","4.1.1","9d2f5f8c35691c3542606bea1d23b916bcbeda8d","1881d68c-2c8f-452b-8c6e-ee46e0c4e2cc","9a3db3eb463ab40a45485eec284d5e107a6a1f34","org.apache.openjpa.enhance.PCEnhancer","openjpa-kernel/src/main/java/org/apache/openjpa/enhance/PCEnhancer.java","src/main/java/org/apache/openjpa/enhance/PCEnhancer.java","AaALJ3Ze1r5TurFMiGnG","java:S3776","CODE_SMELL","OPEN","3500","Refactor this method to reduce its Cognitive Complexity from 16 to the 15 allowed."
"36","4.1.1","9d2f5f8c35691c3542606bea1d23b916bcbeda8d","1881d68c-2c8f-452b-8c6e-ee46e0c4e2cc","9a3db3eb463ab40a45485eec284d5e107a6a1f34","org.apache.openjpa.enhance.PCEnhancer","openjpa-kernel/src/main/java/org/apache/openjpa/enhance/PCEnhancer.java","src/main/java/org/apache/openjpa/enhance/PCEnhancer.java","AaAleRvSmNh_xRbasz6h","java:S1905","CODE_SMELL","OPEN","4661","Remove this unnecessary cast to ""String""."
"36","4.1.1","9d2f5f8c35691c3542606bea1d23b916bcbeda8d","1881d68c-2c8f-452b-8c6e-ee46e0c4e2cc","9a3db3eb463ab40a45485eec284d5e107a6a1f34","org.apache.openjpa.enhance.PCEnhancer","openjpa-kernel/src/main/java/org/apache/openjpa/enhance/PCEnhancer.java","src/main/java/org/apache/openjpa/enhance/PCEnhancer.java","AaALJJ9gKije7nS94ker","java:S116","CODE_SMELL","OPEN","220","Rename this field ""_redefine"" to match the regular expression '^[a-z][a-zA-Z0-9]*$'."
"36","4.1.1","9d2f5f8c35691c3542606bea1d23b916bcbeda8d","1881d68c-2c8f-452b-8c6e-ee46e0c4e2cc","9a3db3eb463ab40a45485eec284d5e107a6a1f34","org.apache.openjpa.enhance.PCEnhancer","openjpa-kernel/src/main/java/org/apache/openjpa/enhance/PCEnhancer.java","src/main/java/org/apache/openjpa/enhance/PCEnhancer.java","AaALJJ9gKije7nS94kes","java:S116","CODE_SMELL","OPEN","221","Rename this field ""_subclass"" to match the regular expression '^[a-z][a-zA-Z0-9]*$'."
"36","4.1.1","9d2f5f8c35691c3542606bea1d23b916bcbeda8d","1881d68c-2c8f-452b-8c6e-ee46e0c4e2cc","9a3db3eb463ab40a45485eec284d5e107a6a1f34","org.apache.openjpa.enhance.PCEnhancer","openjpa-kernel/src/main/java/org/apache/openjpa/enhance/PCEnhancer.java","src/main/java/org/apache/openjpa/enhance/PCEnhancer.java","AaALJJ9gKije7nS94kew","java:S116","CODE_SMELL","OPEN","229","Rename this field ""_isAlreadyRedefined"" to match the regular expression '^[a-z][a-zA-Z0-9]*$'."
"36","4.1.1","9d2f5f8c35691c3542606bea1d23b916bcbeda8d","1881d68c-2c8f-452b-8c6e-ee46e0c4e2cc","9a3db3eb463ab40a45485eec284d5e107a6a1f34","org.apache.openjpa.enhance.PCEnhancer","openjpa-kernel/src/main/java/org/apache/openjpa/enhance/PCEnhancer.java","src/main/java/org/apache/openjpa/enhance/PCEnhancer.java","AaALJJ9gKije7nS94kex","java:S116","CODE_SMELL","OPEN","230","Rename this field ""_isAlreadySubclassed"" to match the regular expression '^[a-z][a-zA-Z0-9]*$'."
"36","4.1.1","9d2f5f8c35691c3542606bea1d23b916bcbeda8d","1881d68c-2c8f-452b-8c6e-ee46e0c4e2cc","9a3db3eb463ab40a45485eec284d5e107a6a1f34","org.apache.openjpa.enhance.PCEnhancer","openjpa-kernel/src/main/java/org/apache/openjpa/enhance/PCEnhancer.java","src/main/java/org/apache/openjpa/enhance/PCEnhancer.java","AaALJJ9gKije7nS94key","java:S116","CODE_SMELL","OPEN","231","Rename this field ""_bcsConfigured"" to match the regular expression '^[a-z][a-zA-Z0-9]*$'."
"36","4.1.1","9d2f5f8c35691c3542606bea1d23b916bcbeda8d","1881d68c-2c8f-452b-8c6e-ee46e0c4e2cc","9a3db3eb463ab40a45485eec284d5e107a6a1f34","org.apache.openjpa.enhance.PCEnhancer","openjpa-kernel/src/main/java/org/apache/openjpa/enhance/PCEnhancer.java","src/main/java/org/apache/openjpa/enhance/PCEnhancer.java","AaAleRvSmNh_xRbasz5_","java:S1133","CODE_SMELL","OPEN","344","Do not forget to remove this deprecated code someday."
"36","4.1.1","9d2f5f8c35691c3542606bea1d23b916bcbeda8d","1881d68c-2c8f-452b-8c6e-ee46e0c4e2cc","9a3db3eb463ab40a45485eec284d5e107a6a1f34","org.apache.openjpa.enhance.PCEnhancer","openjpa-kernel/src/main/java/org/apache/openjpa/enhance/PCEnhancer.java","src/main/java/org/apache/openjpa/enhance/PCEnhancer.java","AaAleRvSmNh_xRbasz6A","java:S1123","CODE_SMELL","OPEN","344","Add the missing @deprecated Javadoc tag."
"36","4.1.1","9d2f5f8c35691c3542606bea1d23b916bcbeda8d","1881d68c-2c8f-452b-8c6e-ee46e0c4e2cc","9a3db3eb463ab40a45485eec284d5e107a6a1f34","org.apache.openjpa.enhance.PCEnhancer","openjpa-kernel/src/main/java/org/apache/openjpa/enhance/PCEnhancer.java","src/main/java/org/apache/openjpa/enhance/PCEnhancer.java","AaALJJ9gKije7nS94ke4","java:S125","CODE_SMELL","OPEN","1206","This block of commented-out lines of code should be removed."
"36","4.1.1","9d2f5f8c35691c3542606bea1d23b916bcbeda8d","1881d68c-2c8f-452b-8c6e-ee46e0c4e2cc","9a3db3eb463ab40a45485eec284d5e107a6a1f34","org.apache.openjpa.enhance.PCEnhancer","openjpa-kernel/src/main/java/org/apache/openjpa/enhance/PCEnhancer.java","src/main/java/org/apache/openjpa/enhance/PCEnhancer.java","AaALJJ9gKije7nS94ke6","java:S125","CODE_SMELL","OPEN","1951","This block of commented-out lines of code should be removed."
"36","4.1.1","9d2f5f8c35691c3542606bea1d23b916bcbeda8d","1881d68c-2c8f-452b-8c6e-ee46e0c4e2cc","9a3db3eb463ab40a45485eec284d5e107a6a1f34","org.apache.openjpa.enhance.PCEnhancer","openjpa-kernel/src/main/java/org/apache/openjpa/enhance/PCEnhancer.java","src/main/java/org/apache/openjpa/enhance/PCEnhancer.java","AaALJJ9gKije7nS94ke7","java:S3776","CODE_SMELL","OPEN","4068","Refactor this method to reduce its Cognitive Complexity from 19 to the 15 allowed."
"36","4.1.1","9d2f5f8c35691c3542606bea1d23b916bcbeda8d","1881d68c-2c8f-452b-8c6e-ee46e0c4e2cc","9a3db3eb463ab40a45485eec284d5e107a6a1f34","org.apache.openjpa.enhance.PCEnhancer","openjpa-kernel/src/main/java/org/apache/openjpa/enhance/PCEnhancer.java","src/main/java/org/apache/openjpa/enhance/PCEnhancer.java","AaALJJ9gKije7nS94ke8","java:S125","CODE_SMELL","OPEN","4532","This block of commented-out lines of code should be removed."
"36","4.1.1","9d2f5f8c35691c3542606bea1d23b916bcbeda8d","1881d68c-2c8f-452b-8c6e-ee46e0c4e2cc","9a3db3eb463ab40a45485eec284d5e107a6a1f34","org.apache.openjpa.enhance.PCEnhancer","openjpa-kernel/src/main/java/org/apache/openjpa/enhance/PCEnhancer.java","src/main/java/org/apache/openjpa/enhance/PCEnhancer.java","AaALJJ9gKije7nS94ke9","java:S125","CODE_SMELL","OPEN","4608","This block of commented-out lines of code should be removed."
"36","4.1.1","9d2f5f8c35691c3542606bea1d23b916bcbeda8d","1881d68c-2c8f-452b-8c6e-ee46e0c4e2cc","9a3db3eb463ab40a45485eec284d5e107a6a1f34","org.apache.openjpa.enhance.PCEnhancer","openjpa-kernel/src/main/java/org/apache/openjpa/enhance/PCEnhancer.java","src/main/java/org/apache/openjpa/enhance/PCEnhancer.java","AaAleRvSmNh_xRbasz6g","java:S1905","CODE_SMELL","OPEN","4647","Remove this unnecessary cast to ""String""."
"36","4.1.1","9d2f5f8c35691c3542606bea1d23b916bcbeda8d","1881d68c-2c8f-452b-8c6e-ee46e0c4e2cc","9a3db3eb463ab40a45485eec284d5e107a6a1f34","org.apache.openjpa.enhance.PCEnhancer","openjpa-kernel/src/main/java/org/apache/openjpa/enhance/PCEnhancer.java","src/main/java/org/apache/openjpa/enhance/PCEnhancer.java","AaALC7_-41jXsmVCsseG","java:S128","CODE_SMELL","OPEN","2545","End this switch case with an unconditional break, return or throw statement."
"36","4.1.1","9d2f5f8c35691c3542606bea1d23b916bcbeda8d","1881d68c-2c8f-452b-8c6e-ee46e0c4e2cc","9a3db3eb463ab40a45485eec284d5e107a6a1f34","org.apache.openjpa.enhance.PCEnhancer","openjpa-kernel/src/main/java/org/apache/openjpa/enhance/PCEnhancer.java","src/main/java/org/apache/openjpa/enhance/PCEnhancer.java","AaALC7_-41jXsmVCsseF","java:S128","CODE_SMELL","OPEN","2563","End this switch case with an unconditional break, return or throw statement."
"36","4.1.1","9d2f5f8c35691c3542606bea1d23b916bcbeda8d","1881d68c-2c8f-452b-8c6e-ee46e0c4e2cc","9a3db3eb463ab40a45485eec284d5e107a6a1f34","org.apache.openjpa.enhance.PCEnhancer","openjpa-kernel/src/main/java/org/apache/openjpa/enhance/PCEnhancer.java","src/main/java/org/apache/openjpa/enhance/PCEnhancer.java","AaALC7_-41jXsmVCsseH","java:S125","CODE_SMELL","OPEN","2909","This block of commented-out lines of code should be removed."
"36","4.1.1","9d2f5f8c35691c3542606bea1d23b916bcbeda8d","1881d68c-2c8f-452b-8c6e-ee46e0c4e2cc","9a3db3eb463ab40a45485eec284d5e107a6a1f34","org.apache.openjpa.enhance.PCEnhancer","openjpa-kernel/src/main/java/org/apache/openjpa/enhance/PCEnhancer.java","src/main/java/org/apache/openjpa/enhance/PCEnhancer.java","AaALC7_-41jXsmVCsseI","java:S125","CODE_SMELL","OPEN","2939","This block of commented-out lines of code should be removed."
"36","4.1.1","9d2f5f8c35691c3542606bea1d23b916bcbeda8d","1881d68c-2c8f-452b-8c6e-ee46e0c4e2cc","9a3db3eb463ab40a45485eec284d5e107a6a1f34","org.apache.openjpa.enhance.PCEnhancer","openjpa-kernel/src/main/java/org/apache/openjpa/enhance/PCEnhancer.java","src/main/java/org/apache/openjpa/enhance/PCEnhancer.java","AaALC7_-41jXsmVCsseJ","java:S3878","CODE_SMELL","OPEN","3047","Remove this array creation and simply pass the elements."
"36","4.1.1","9d2f5f8c35691c3542606bea1d23b916bcbeda8d","1881d68c-2c8f-452b-8c6e-ee46e0c4e2cc","9a3db3eb463ab40a45485eec284d5e107a6a1f34","org.apache.openjpa.enhance.PCEnhancer","openjpa-kernel/src/main/java/org/apache/openjpa/enhance/PCEnhancer.java","src/main/java/org/apache/openjpa/enhance/PCEnhancer.java","AaAKynG1Kije7nS92BW3","java:S125","CODE_SMELL","OPEN","2491","This block of commented-out lines of code should be removed."
"36","4.1.1","9d2f5f8c35691c3542606bea1d23b916bcbeda8d","1881d68c-2c8f-452b-8c6e-ee46e0c4e2cc","9a3db3eb463ab40a45485eec284d5e107a6a1f34","org.apache.openjpa.enhance.PCEnhancer","openjpa-kernel/src/main/java/org/apache/openjpa/enhance/PCEnhancer.java","src/main/java/org/apache/openjpa/enhance/PCEnhancer.java","AaAKynG1Kije7nS92BW9","java:S128","CODE_SMELL","OPEN","2509","End this switch case with an unconditional break, return or throw statement."
"36","4.1.1","9d2f5f8c35691c3542606bea1d23b916bcbeda8d","1881d68c-2c8f-452b-8c6e-ee46e0c4e2cc","9a3db3eb463ab40a45485eec284d5e107a6a1f34","org.apache.openjpa.enhance.PCEnhancer","openjpa-kernel/src/main/java/org/apache/openjpa/enhance/PCEnhancer.java","src/main/java/org/apache/openjpa/enhance/PCEnhancer.java","AaAKynG1Kije7nS92BW8","java:S128","CODE_SMELL","OPEN","2527","End this switch case with an unconditional break, return or throw statement."
"36","4.1.1","9d2f5f8c35691c3542606bea1d23b916bcbeda8d","1881d68c-2c8f-452b-8c6e-ee46e0c4e2cc","9a3db3eb463ab40a45485eec284d5e107a6a1f34","org.apache.openjpa.enhance.PCEnhancer","openjpa-kernel/src/main/java/org/apache/openjpa/enhance/PCEnhancer.java","src/main/java/org/apache/openjpa/enhance/PCEnhancer.java","AaAKynG1Kije7nS92BW7","java:S128","CODE_SMELL","OPEN","2581","End this switch case with an unconditional break, return or throw statement."
"36","4.1.1","9d2f5f8c35691c3542606bea1d23b916bcbeda8d","1881d68c-2c8f-452b-8c6e-ee46e0c4e2cc","9a3db3eb463ab40a45485eec284d5e107a6a1f34","org.apache.openjpa.enhance.PCEnhancer","openjpa-kernel/src/main/java/org/apache/openjpa/enhance/PCEnhancer.java","src/main/java/org/apache/openjpa/enhance/PCEnhancer.java","AaAKynG1Kije7nS92BW6","java:S128","CODE_SMELL","OPEN","2599","End this switch case with an unconditional break, return or throw statement."
"36","4.1.1","9d2f5f8c35691c3542606bea1d23b916bcbeda8d","1881d68c-2c8f-452b-8c6e-ee46e0c4e2cc","9a3db3eb463ab40a45485eec284d5e107a6a1f34","org.apache.openjpa.enhance.PCEnhancer","openjpa-kernel/src/main/java/org/apache/openjpa/enhance/PCEnhancer.java","src/main/java/org/apache/openjpa/enhance/PCEnhancer.java","AaAKynG1Kije7nS92BW5","java:S128","CODE_SMELL","OPEN","2617","End this switch case with an unconditional break, return or throw statement."
"36","4.1.1","9d2f5f8c35691c3542606bea1d23b916bcbeda8d","1881d68c-2c8f-452b-8c6e-ee46e0c4e2cc","9a3db3eb463ab40a45485eec284d5e107a6a1f34","org.apache.openjpa.enhance.PCEnhancer","openjpa-kernel/src/main/java/org/apache/openjpa/enhance/PCEnhancer.java","src/main/java/org/apache/openjpa/enhance/PCEnhancer.java","AaAKynG1Kije7nS92BW_","java:S125","CODE_SMELL","OPEN","2816","This block of commented-out lines of code should be removed."
"36","4.1.1","9d2f5f8c35691c3542606bea1d23b916bcbeda8d","1881d68c-2c8f-452b-8c6e-ee46e0c4e2cc","9a3db3eb463ab40a45485eec284d5e107a6a1f34","org.apache.openjpa.enhance.PCEnhancer","openjpa-kernel/src/main/java/org/apache/openjpa/enhance/PCEnhancer.java","src/main/java/org/apache/openjpa/enhance/PCEnhancer.java","AaAKIzZERXPx87p8Mp0j","java:S116","CODE_SMELL","OPEN","198","Rename this field ""_repos"" to match the regular expression '^[a-z][a-zA-Z0-9]*$'."
"36","4.1.1","9d2f5f8c35691c3542606bea1d23b916bcbeda8d","1881d68c-2c8f-452b-8c6e-ee46e0c4e2cc","9a3db3eb463ab40a45485eec284d5e107a6a1f34","org.apache.openjpa.enhance.PCEnhancer","openjpa-kernel/src/main/java/org/apache/openjpa/enhance/PCEnhancer.java","src/main/java/org/apache/openjpa/enhance/PCEnhancer.java","AaAKIzZERXPx87p8Mp0k","java:S116","CODE_SMELL","OPEN","199","Rename this field ""_meta"" to match the regular expression '^[a-z][a-zA-Z0-9]*$'."
"36","4.1.1","9d2f5f8c35691c3542606bea1d23b916bcbeda8d","1881d68c-2c8f-452b-8c6e-ee46e0c4e2cc","9a3db3eb463ab40a45485eec284d5e107a6a1f34","org.apache.openjpa.enhance.PCEnhancer","openjpa-kernel/src/main/java/org/apache/openjpa/enhance/PCEnhancer.java","src/main/java/org/apache/openjpa/enhance/PCEnhancer.java","AaAKIzZERXPx87p8Mp0l","java:S116","CODE_SMELL","OPEN","200","Rename this field ""_log"" to match the regular expression '^[a-z][a-zA-Z0-9]*$'."
"36","4.1.1","9d2f5f8c35691c3542606bea1d23b916bcbeda8d","1881d68c-2c8f-452b-8c6e-ee46e0c4e2cc","9a3db3eb463ab40a45485eec284d5e107a6a1f34","org.apache.openjpa.enhance.PCEnhancer","openjpa-kernel/src/main/java/org/apache/openjpa/enhance/PCEnhancer.java","src/main/java/org/apache/openjpa/enhance/PCEnhancer.java","AaAKIzZERXPx87p8Mp0n","java:S116","CODE_SMELL","OPEN","219","Rename this field ""_defCons"" to match the regular expression '^[a-z][a-zA-Z0-9]*$'."
"36","4.1.1","9d2f5f8c35691c3542606bea1d23b916bcbeda8d","1881d68c-2c8f-452b-8c6e-ee46e0c4e2cc","9a3db3eb463ab40a45485eec284d5e107a6a1f34","org.apache.openjpa.enhance.PCEnhancer","openjpa-kernel/src/main/java/org/apache/openjpa/enhance/PCEnhancer.java","src/main/java/org/apache/openjpa/enhance/PCEnhancer.java","AaAKIzZERXPx87p8Mp0o","java:S116","CODE_SMELL","OPEN","222","Rename this field ""_fail"" to match the regular expression '^[a-z][a-zA-Z0-9]*$'."
"36","4.1.1","9d2f5f8c35691c3542606bea1d23b916bcbeda8d","1881d68c-2c8f-452b-8c6e-ee46e0c4e2cc","9a3db3eb463ab40a45485eec284d5e107a6a1f34","org.apache.openjpa.enhance.PCEnhancer","openjpa-kernel/src/main/java/org/apache/openjpa/enhance/PCEnhancer.java","src/main/java/org/apache/openjpa/enhance/PCEnhancer.java","AaAKIzZERXPx87p8Mp0t","java:S116","CODE_SMELL","OPEN","223","Rename this field ""_violations"" to match the regular expression '^[a-z][a-zA-Z0-9]*$'."
"36","4.1.1","9d2f5f8c35691c3542606bea1d23b916bcbeda8d","1881d68c-2c8f-452b-8c6e-ee46e0c4e2cc","9a3db3eb463ab40a45485eec284d5e107a6a1f34","org.apache.openjpa.enhance.PCEnhancer","openjpa-kernel/src/main/java/org/apache/openjpa/enhance/PCEnhancer.java","src/main/java/org/apache/openjpa/enhance/PCEnhancer.java","AaAKIzZERXPx87p8Mp0q","java:S116","CODE_SMELL","OPEN","224","Rename this field ""_dir"" to match the regular expression '^[a-z][a-zA-Z0-9]*$'."
"36","4.1.1","9d2f5f8c35691c3542606bea1d23b916bcbeda8d","1881d68c-2c8f-452b-8c6e-ee46e0c4e2cc","9a3db3eb463ab40a45485eec284d5e107a6a1f34","org.apache.openjpa.enhance.PCEnhancer","openjpa-kernel/src/main/java/org/apache/openjpa/enhance/PCEnhancer.java","src/main/java/org/apache/openjpa/enhance/PCEnhancer.java","AaAKIzZERXPx87p8Mp0r","java:S116","CODE_SMELL","OPEN","225","Rename this field ""_writer"" to match the regular expression '^[a-z][a-zA-Z0-9]*$'."
"36","4.1.1","9d2f5f8c35691c3542606bea1d23b916bcbeda8d","1881d68c-2c8f-452b-8c6e-ee46e0c4e2cc","9a3db3eb463ab40a45485eec284d5e107a6a1f34","org.apache.openjpa.enhance.PCEnhancer","openjpa-kernel/src/main/java/org/apache/openjpa/enhance/PCEnhancer.java","src/main/java/org/apache/openjpa/enhance/PCEnhancer.java","AaAKIzZERXPx87p8Mp00","java:S3776","CODE_SMELL","OPEN","695","Refactor this method to reduce its Cognitive Complexity from 32 to the 15 allowed."
"36","4.1.1","9d2f5f8c35691c3542606bea1d23b916bcbeda8d","1881d68c-2c8f-452b-8c6e-ee46e0c4e2cc","9a3db3eb463ab40a45485eec284d5e107a6a1f34","org.apache.openjpa.enhance.PCEnhancer","openjpa-kernel/src/main/java/org/apache/openjpa/enhance/PCEnhancer.java","src/main/java/org/apache/openjpa/enhance/PCEnhancer.java","AaALJJ9gKije7nS94ke5","java:S125","CODE_SMELL","OPEN","834","This block of commented-out lines of code should be removed."
"36","4.1.1","9d2f5f8c35691c3542606bea1d23b916bcbeda8d","1881d68c-2c8f-452b-8c6e-ee46e0c4e2cc","9a3db3eb463ab40a45485eec284d5e107a6a1f34","org.apache.openjpa.enhance.PCEnhancer","openjpa-kernel/src/main/java/org/apache/openjpa/enhance/PCEnhancer.java","src/main/java/org/apache/openjpa/enhance/PCEnhancer.java","AaAKIzZERXPx87p8Mp0O","java:S1192","CODE_SMELL","OPEN","1243","Define a constant instead of duplicating this literal ""<init>"" 22 times."
"36","4.1.1","9d2f5f8c35691c3542606bea1d23b916bcbeda8d","1881d68c-2c8f-452b-8c6e-ee46e0c4e2cc","9a3db3eb463ab40a45485eec284d5e107a6a1f34","org.apache.openjpa.enhance.PCEnhancer","openjpa-kernel/src/main/java/org/apache/openjpa/enhance/PCEnhancer.java","src/main/java/org/apache/openjpa/enhance/PCEnhancer.java","AaAKIzZERXPx87p8Mp0_","java:S125","CODE_SMELL","OPEN","1423","This block of commented-out lines of code should be removed."
"36","4.1.1","9d2f5f8c35691c3542606bea1d23b916bcbeda8d","1881d68c-2c8f-452b-8c6e-ee46e0c4e2cc","9a3db3eb463ab40a45485eec284d5e107a6a1f34","org.apache.openjpa.enhance.PCEnhancer","openjpa-kernel/src/main/java/org/apache/openjpa/enhance/PCEnhancer.java","src/main/java/org/apache/openjpa/enhance/PCEnhancer.java","AaAKIzZERXPx87p8Mp1A","java:S125","CODE_SMELL","OPEN","1438","This block of commented-out lines of code should be removed."
"36","4.1.1","9d2f5f8c35691c3542606bea1d23b916bcbeda8d","1881d68c-2c8f-452b-8c6e-ee46e0c4e2cc","9a3db3eb463ab40a45485eec284d5e107a6a1f34","org.apache.openjpa.enhance.PCEnhancer","openjpa-kernel/src/main/java/org/apache/openjpa/enhance/PCEnhancer.java","src/main/java/org/apache/openjpa/enhance/PCEnhancer.java","AaAKIzZERXPx87p8Mp1D","java:S125","CODE_SMELL","OPEN","1513","This block of commented-out lines of code should be removed."
"36","4.1.1","9d2f5f8c35691c3542606bea1d23b916bcbeda8d","1881d68c-2c8f-452b-8c6e-ee46e0c4e2cc","9a3db3eb463ab40a45485eec284d5e107a6a1f34","org.apache.openjpa.enhance.PCEnhancer","openjpa-kernel/src/main/java/org/apache/openjpa/enhance/PCEnhancer.java","src/main/java/org/apache/openjpa/enhance/PCEnhancer.java","AaAKIzZERXPx87p8Mp1G","java:S125","CODE_SMELL","OPEN","1575","This block of commented-out lines of code should be removed."
"36","4.1.1","9d2f5f8c35691c3542606bea1d23b916bcbeda8d","1881d68c-2c8f-452b-8c6e-ee46e0c4e2cc","9a3db3eb463ab40a45485eec284d5e107a6a1f34","org.apache.openjpa.enhance.PCEnhancer","openjpa-kernel/src/main/java/org/apache/openjpa/enhance/PCEnhancer.java","src/main/java/org/apache/openjpa/enhance/PCEnhancer.java","AaAKIzZERXPx87p8Mp1K","java:S125","CODE_SMELL","OPEN","1703","This block of commented-out lines of code should be removed."
"36","4.1.1","9d2f5f8c35691c3542606bea1d23b916bcbeda8d","1881d68c-2c8f-452b-8c6e-ee46e0c4e2cc","9a3db3eb463ab40a45485eec284d5e107a6a1f34","org.apache.openjpa.enhance.PCEnhancer","openjpa-kernel/src/main/java/org/apache/openjpa/enhance/PCEnhancer.java","src/main/java/org/apache/openjpa/enhance/PCEnhancer.java","AaAKIzZERXPx87p8Mp1L","java:S125","CODE_SMELL","OPEN","1799","This block of commented-out lines of code should be removed."
"36","4.1.1","9d2f5f8c35691c3542606bea1d23b916bcbeda8d","1881d68c-2c8f-452b-8c6e-ee46e0c4e2cc","9a3db3eb463ab40a45485eec284d5e107a6a1f34","org.apache.openjpa.enhance.PCEnhancer","openjpa-kernel/src/main/java/org/apache/openjpa/enhance/PCEnhancer.java","src/main/java/org/apache/openjpa/enhance/PCEnhancer.java","AaAKIzZERXPx87p8Mp1M","java:S125","CODE_SMELL","OPEN","1808","This block of commented-out lines of code should be removed."
"36","4.1.1","9d2f5f8c35691c3542606bea1d23b916bcbeda8d","1881d68c-2c8f-452b-8c6e-ee46e0c4e2cc","9a3db3eb463ab40a45485eec284d5e107a6a1f34","org.apache.openjpa.enhance.PCEnhancer","openjpa-kernel/src/main/java/org/apache/openjpa/enhance/PCEnhancer.java","src/main/java/org/apache/openjpa/enhance/PCEnhancer.java","AaAKIzZERXPx87p8Mp1N","java:S125","CODE_SMELL","OPEN","1818","This block of commented-out lines of code should be removed."
"36","4.1.1","9d2f5f8c35691c3542606bea1d23b916bcbeda8d","1881d68c-2c8f-452b-8c6e-ee46e0c4e2cc","9a3db3eb463ab40a45485eec284d5e107a6a1f34","org.apache.openjpa.enhance.PCEnhancer","openjpa-kernel/src/main/java/org/apache/openjpa/enhance/PCEnhancer.java","src/main/java/org/apache/openjpa/enhance/PCEnhancer.java","AaAKIzZERXPx87p8Mp1P","java:S125","CODE_SMELL","OPEN","1929","This block of commented-out lines of code should be removed."
"36","4.1.1","9d2f5f8c35691c3542606bea1d23b916bcbeda8d","1881d68c-2c8f-452b-8c6e-ee46e0c4e2cc","9a3db3eb463ab40a45485eec284d5e107a6a1f34","org.apache.openjpa.enhance.PCEnhancer","openjpa-kernel/src/main/java/org/apache/openjpa/enhance/PCEnhancer.java","src/main/java/org/apache/openjpa/enhance/PCEnhancer.java","AaAKIzZERXPx87p8Mp1Q","java:S125","CODE_SMELL","OPEN","1960","This block of commented-out lines of code should be removed."
"36","4.1.1","9d2f5f8c35691c3542606bea1d23b916bcbeda8d","1881d68c-2c8f-452b-8c6e-ee46e0c4e2cc","9a3db3eb463ab40a45485eec284d5e107a6a1f34","org.apache.openjpa.enhance.PCEnhancer","openjpa-kernel/src/main/java/org/apache/openjpa/enhance/PCEnhancer.java","src/main/java/org/apache/openjpa/enhance/PCEnhancer.java","AaAKIzZERXPx87p8Mp1R","java:S125","CODE_SMELL","OPEN","1985","This block of commented-out lines of code should be removed."
"36","4.1.1","9d2f5f8c35691c3542606bea1d23b916bcbeda8d","1881d68c-2c8f-452b-8c6e-ee46e0c4e2cc","9a3db3eb463ab40a45485eec284d5e107a6a1f34","org.apache.openjpa.enhance.PCEnhancer","openjpa-kernel/src/main/java/org/apache/openjpa/enhance/PCEnhancer.java","src/main/java/org/apache/openjpa/enhance/PCEnhancer.java","AaAKIzZERXPx87p8Mp1T","java:S125","CODE_SMELL","OPEN","1996","This block of commented-out lines of code should be removed."
"36","4.1.1","9d2f5f8c35691c3542606bea1d23b916bcbeda8d","1881d68c-2c8f-452b-8c6e-ee46e0c4e2cc","9a3db3eb463ab40a45485eec284d5e107a6a1f34","org.apache.openjpa.enhance.PCEnhancer","openjpa-kernel/src/main/java/org/apache/openjpa/enhance/PCEnhancer.java","src/main/java/org/apache/openjpa/enhance/PCEnhancer.java","AaAKIzZERXPx87p8Mp1U","java:S125","CODE_SMELL","OPEN","2014","This block of commented-out lines of code should be removed."
"36","4.1.1","9d2f5f8c35691c3542606bea1d23b916bcbeda8d","1881d68c-2c8f-452b-8c6e-ee46e0c4e2cc","9a3db3eb463ab40a45485eec284d5e107a6a1f34","org.apache.openjpa.enhance.PCEnhancer","openjpa-kernel/src/main/java/org/apache/openjpa/enhance/PCEnhancer.java","src/main/java/org/apache/openjpa/enhance/PCEnhancer.java","AaAKIzZERXPx87p8Mp1V","java:S131","CODE_SMELL","OPEN","2031","Add a default case to this switch."
"36","4.1.1","9d2f5f8c35691c3542606bea1d23b916bcbeda8d","1881d68c-2c8f-452b-8c6e-ee46e0c4e2cc","9a3db3eb463ab40a45485eec284d5e107a6a1f34","org.apache.openjpa.enhance.PCEnhancer","openjpa-kernel/src/main/java/org/apache/openjpa/enhance/PCEnhancer.java","src/main/java/org/apache/openjpa/enhance/PCEnhancer.java","AaAKIzZERXPx87p8Mp1W","java:S125","CODE_SMELL","OPEN","2066","This block of commented-out lines of code should be removed."
"36","4.1.1","9d2f5f8c35691c3542606bea1d23b916bcbeda8d","1881d68c-2c8f-452b-8c6e-ee46e0c4e2cc","9a3db3eb463ab40a45485eec284d5e107a6a1f34","org.apache.openjpa.enhance.PCEnhancer","openjpa-kernel/src/main/java/org/apache/openjpa/enhance/PCEnhancer.java","src/main/java/org/apache/openjpa/enhance/PCEnhancer.java","AaAKIzZERXPx87p8Mp1a","java:S125","CODE_SMELL","OPEN","2088","This block of commented-out lines of code should be removed."
"36","4.1.1","9d2f5f8c35691c3542606bea1d23b916bcbeda8d","1881d68c-2c8f-452b-8c6e-ee46e0c4e2cc","9a3db3eb463ab40a45485eec284d5e107a6a1f34","org.apache.openjpa.enhance.PCEnhancer","openjpa-kernel/src/main/java/org/apache/openjpa/enhance/PCEnhancer.java","src/main/java/org/apache/openjpa/enhance/PCEnhancer.java","AaAKIzZERXPx87p8Mp1c","java:S125","CODE_SMELL","OPEN","2212","This block of commented-out lines of code should be removed."
"36","4.1.1","9d2f5f8c35691c3542606bea1d23b916bcbeda8d","1881d68c-2c8f-452b-8c6e-ee46e0c4e2cc","9a3db3eb463ab40a45485eec284d5e107a6a1f34","org.apache.openjpa.enhance.PCEnhancer","openjpa-kernel/src/main/java/org/apache/openjpa/enhance/PCEnhancer.java","src/main/java/org/apache/openjpa/enhance/PCEnhancer.java","AaAKIzZERXPx87p8Mp1d","java:S125","CODE_SMELL","OPEN","2228","This block of commented-out lines of code should be removed."
"36","4.1.1","9d2f5f8c35691c3542606bea1d23b916bcbeda8d","1881d68c-2c8f-452b-8c6e-ee46e0c4e2cc","9a3db3eb463ab40a45485eec284d5e107a6a1f34","org.apache.openjpa.enhance.PCEnhancer","openjpa-kernel/src/main/java/org/apache/openjpa/enhance/PCEnhancer.java","src/main/java/org/apache/openjpa/enhance/PCEnhancer.java","AaAKIzZERXPx87p8Mp1g","java:S125","CODE_SMELL","OPEN","2776","This block of commented-out lines of code should be removed."
"36","4.1.1","9d2f5f8c35691c3542606bea1d23b916bcbeda8d","1881d68c-2c8f-452b-8c6e-ee46e0c4e2cc","9a3db3eb463ab40a45485eec284d5e107a6a1f34","org.apache.openjpa.enhance.PCEnhancer","openjpa-kernel/src/main/java/org/apache/openjpa/enhance/PCEnhancer.java","src/main/java/org/apache/openjpa/enhance/PCEnhancer.java","AaAKIzZERXPx87p8Mp1i","java:S2447","CODE_SMELL","OPEN","2987","Null is returned but a ""Boolean"" is expected."
"36","4.1.1","9d2f5f8c35691c3542606bea1d23b916bcbeda8d","1881d68c-2c8f-452b-8c6e-ee46e0c4e2cc","9a3db3eb463ab40a45485eec284d5e107a6a1f34","org.apache.openjpa.enhance.PCEnhancer","openjpa-kernel/src/main/java/org/apache/openjpa/enhance/PCEnhancer.java","src/main/java/org/apache/openjpa/enhance/PCEnhancer.java","AaAKIzZERXPx87p8Mp1l","java:S3878","CODE_SMELL","OPEN","2994","Remove this array creation and simply pass the elements."
"36","4.1.1","9d2f5f8c35691c3542606bea1d23b916bcbeda8d","1881d68c-2c8f-452b-8c6e-ee46e0c4e2cc","9a3db3eb463ab40a45485eec284d5e107a6a1f34","org.apache.openjpa.enhance.PCEnhancer","openjpa-kernel/src/main/java/org/apache/openjpa/enhance/PCEnhancer.java","src/main/java/org/apache/openjpa/enhance/PCEnhancer.java","AaAKIzZERXPx87p8Mp1o","java:S3878","CODE_SMELL","OPEN","3000","Remove this array creation and simply pass the elements."
"36","4.1.1","9d2f5f8c35691c3542606bea1d23b916bcbeda8d","1881d68c-2c8f-452b-8c6e-ee46e0c4e2cc","9a3db3eb463ab40a45485eec284d5e107a6a1f34","org.apache.openjpa.enhance.PCEnhancer","openjpa-kernel/src/main/java/org/apache/openjpa/enhance/PCEnhancer.java","src/main/java/org/apache/openjpa/enhance/PCEnhancer.java","AaAKIzZERXPx87p8Mp1j","java:S2447","CODE_SMELL","OPEN","3005","Null is returned but a ""Boolean"" is expected."
"36","4.1.1","9d2f5f8c35691c3542606bea1d23b916bcbeda8d","1881d68c-2c8f-452b-8c6e-ee46e0c4e2cc","9a3db3eb463ab40a45485eec284d5e107a6a1f34","org.apache.openjpa.enhance.PCEnhancer","openjpa-kernel/src/main/java/org/apache/openjpa/enhance/PCEnhancer.java","src/main/java/org/apache/openjpa/enhance/PCEnhancer.java","AaAKIzZERXPx87p8Mp1r","java:S125","CODE_SMELL","OPEN","3090","This block of commented-out lines of code should be removed."
"36","4.1.1","9d2f5f8c35691c3542606bea1d23b916bcbeda8d","1881d68c-2c8f-452b-8c6e-ee46e0c4e2cc","9a3db3eb463ab40a45485eec284d5e107a6a1f34","org.apache.openjpa.enhance.PCEnhancer","openjpa-kernel/src/main/java/org/apache/openjpa/enhance/PCEnhancer.java","src/main/java/org/apache/openjpa/enhance/PCEnhancer.java","AaAKIzZERXPx87p8Mp1s","java:S125","CODE_SMELL","OPEN","3377","This block of commented-out lines of code should be removed."
"36","4.1.1","9d2f5f8c35691c3542606bea1d23b916bcbeda8d","1881d68c-2c8f-452b-8c6e-ee46e0c4e2cc","9a3db3eb463ab40a45485eec284d5e107a6a1f34","org.apache.openjpa.enhance.PCEnhancer","openjpa-kernel/src/main/java/org/apache/openjpa/enhance/PCEnhancer.java","src/main/java/org/apache/openjpa/enhance/PCEnhancer.java","AaAKIzZERXPx87p8Mp1t","java:S125","CODE_SMELL","OPEN","3386","This block of commented-out lines of code should be removed."
"36","4.1.1","9d2f5f8c35691c3542606bea1d23b916bcbeda8d","1881d68c-2c8f-452b-8c6e-ee46e0c4e2cc","9a3db3eb463ab40a45485eec284d5e107a6a1f34","org.apache.openjpa.enhance.PCEnhancer","openjpa-kernel/src/main/java/org/apache/openjpa/enhance/PCEnhancer.java","src/main/java/org/apache/openjpa/enhance/PCEnhancer.java","AaAKIzZERXPx87p8Mp1u","java:S125","CODE_SMELL","OPEN","3397","This block of commented-out lines of code should be removed."
"36","4.1.1","9d2f5f8c35691c3542606bea1d23b916bcbeda8d","1881d68c-2c8f-452b-8c6e-ee46e0c4e2cc","9a3db3eb463ab40a45485eec284d5e107a6a1f34","org.apache.openjpa.enhance.PCEnhancer","openjpa-kernel/src/main/java/org/apache/openjpa/enhance/PCEnhancer.java","src/main/java/org/apache/openjpa/enhance/PCEnhancer.java","AaAKIzZERXPx87p8Mp1v","java:S125","CODE_SMELL","OPEN","3408","This block of commented-out lines of code should be removed."
"36","4.1.1","9d2f5f8c35691c3542606bea1d23b916bcbeda8d","1881d68c-2c8f-452b-8c6e-ee46e0c4e2cc","9a3db3eb463ab40a45485eec284d5e107a6a1f34","org.apache.openjpa.enhance.PCEnhancer","openjpa-kernel/src/main/java/org/apache/openjpa/enhance/PCEnhancer.java","src/main/java/org/apache/openjpa/enhance/PCEnhancer.java","AaAKIzZERXPx87p8Mp1w","java:S125","CODE_SMELL","OPEN","3421","This block of commented-out lines of code should be removed."
"36","4.1.1","9d2f5f8c35691c3542606bea1d23b916bcbeda8d","1881d68c-2c8f-452b-8c6e-ee46e0c4e2cc","9a3db3eb463ab40a45485eec284d5e107a6a1f34","org.apache.openjpa.enhance.PCEnhancer","openjpa-kernel/src/main/java/org/apache/openjpa/enhance/PCEnhancer.java","src/main/java/org/apache/openjpa/enhance/PCEnhancer.java","AaAKIzZERXPx87p8Mp1x","java:S125","CODE_SMELL","OPEN","3647","This block of commented-out lines of code should be removed."
"36","4.1.1","9d2f5f8c35691c3542606bea1d23b916bcbeda8d","1881d68c-2c8f-452b-8c6e-ee46e0c4e2cc","9a3db3eb463ab40a45485eec284d5e107a6a1f34","org.apache.openjpa.enhance.PCEnhancer","openjpa-kernel/src/main/java/org/apache/openjpa/enhance/PCEnhancer.java","src/main/java/org/apache/openjpa/enhance/PCEnhancer.java","AaAKIzZERXPx87p8Mp1y","java:S125","CODE_SMELL","OPEN","3657","This block of commented-out lines of code should be removed."
"36","4.1.1","9d2f5f8c35691c3542606bea1d23b916bcbeda8d","1881d68c-2c8f-452b-8c6e-ee46e0c4e2cc","9a3db3eb463ab40a45485eec284d5e107a6a1f34","org.apache.openjpa.enhance.PCEnhancer","openjpa-kernel/src/main/java/org/apache/openjpa/enhance/PCEnhancer.java","src/main/java/org/apache/openjpa/enhance/PCEnhancer.java","AaAKIzZERXPx87p8Mp10","java:S125","CODE_SMELL","OPEN","3715","This block of commented-out lines of code should be removed."
"36","4.1.1","9d2f5f8c35691c3542606bea1d23b916bcbeda8d","1881d68c-2c8f-452b-8c6e-ee46e0c4e2cc","9a3db3eb463ab40a45485eec284d5e107a6a1f34","org.apache.openjpa.enhance.PCEnhancer","openjpa-kernel/src/main/java/org/apache/openjpa/enhance/PCEnhancer.java","src/main/java/org/apache/openjpa/enhance/PCEnhancer.java","AaAKIzZERXPx87p8Mp12","java:S125","CODE_SMELL","OPEN","3775","This block of commented-out lines of code should be removed."
"36","4.1.1","9d2f5f8c35691c3542606bea1d23b916bcbeda8d","1881d68c-2c8f-452b-8c6e-ee46e0c4e2cc","9a3db3eb463ab40a45485eec284d5e107a6a1f34","org.apache.openjpa.enhance.PCEnhancer","openjpa-kernel/src/main/java/org/apache/openjpa/enhance/PCEnhancer.java","src/main/java/org/apache/openjpa/enhance/PCEnhancer.java","AaAKIzZERXPx87p8Mp13","java:S125","CODE_SMELL","OPEN","3802","This block of commented-out lines of code should be removed."
"36","4.1.1","9d2f5f8c35691c3542606bea1d23b916bcbeda8d","1881d68c-2c8f-452b-8c6e-ee46e0c4e2cc","9a3db3eb463ab40a45485eec284d5e107a6a1f34","org.apache.openjpa.enhance.PCEnhancer","openjpa-kernel/src/main/java/org/apache/openjpa/enhance/PCEnhancer.java","src/main/java/org/apache/openjpa/enhance/PCEnhancer.java","AaAKIzZERXPx87p8Mp14","java:S125","CODE_SMELL","OPEN","3836","This block of commented-out lines of code should be removed."
"36","4.1.1","9d2f5f8c35691c3542606bea1d23b916bcbeda8d","1881d68c-2c8f-452b-8c6e-ee46e0c4e2cc","9a3db3eb463ab40a45485eec284d5e107a6a1f34","org.apache.openjpa.enhance.PCEnhancer","openjpa-kernel/src/main/java/org/apache/openjpa/enhance/PCEnhancer.java","src/main/java/org/apache/openjpa/enhance/PCEnhancer.java","AaAKIzZERXPx87p8Mp15","java:S125","CODE_SMELL","OPEN","3858","This block of commented-out lines of code should be removed."
"36","4.1.1","9d2f5f8c35691c3542606bea1d23b916bcbeda8d","1881d68c-2c8f-452b-8c6e-ee46e0c4e2cc","9a3db3eb463ab40a45485eec284d5e107a6a1f34","org.apache.openjpa.enhance.PCEnhancer","openjpa-kernel/src/main/java/org/apache/openjpa/enhance/PCEnhancer.java","src/main/java/org/apache/openjpa/enhance/PCEnhancer.java","AaAKIzZERXPx87p8Mp17","java:S125","CODE_SMELL","OPEN","3901","This block of commented-out lines of code should be removed."
"36","4.1.1","9d2f5f8c35691c3542606bea1d23b916bcbeda8d","1881d68c-2c8f-452b-8c6e-ee46e0c4e2cc","9a3db3eb463ab40a45485eec284d5e107a6a1f34","org.apache.openjpa.enhance.PCEnhancer","openjpa-kernel/src/main/java/org/apache/openjpa/enhance/PCEnhancer.java","src/main/java/org/apache/openjpa/enhance/PCEnhancer.java","AaAKIzZERXPx87p8Mp16","java:S125","CODE_SMELL","OPEN","3976","This block of commented-out lines of code should be removed."
"36","4.1.1","9d2f5f8c35691c3542606bea1d23b916bcbeda8d","1881d68c-2c8f-452b-8c6e-ee46e0c4e2cc","9a3db3eb463ab40a45485eec284d5e107a6a1f34","org.apache.openjpa.enhance.PCEnhancer","openjpa-kernel/src/main/java/org/apache/openjpa/enhance/PCEnhancer.java","src/main/java/org/apache/openjpa/enhance/PCEnhancer.java","AaAKIzZERXPx87p8Mp18","java:S125","CODE_SMELL","OPEN","4107","This block of commented-out lines of code should be removed."
"36","4.1.1","9d2f5f8c35691c3542606bea1d23b916bcbeda8d","1881d68c-2c8f-452b-8c6e-ee46e0c4e2cc","9a3db3eb463ab40a45485eec284d5e107a6a1f34","org.apache.openjpa.enhance.PCEnhancer","openjpa-kernel/src/main/java/org/apache/openjpa/enhance/PCEnhancer.java","src/main/java/org/apache/openjpa/enhance/PCEnhancer.java","AaAKIzZERXPx87p8Mp19","java:S125","CODE_SMELL","OPEN","4128","This block of commented-out lines of code should be removed."
"36","4.1.1","9d2f5f8c35691c3542606bea1d23b916bcbeda8d","1881d68c-2c8f-452b-8c6e-ee46e0c4e2cc","9a3db3eb463ab40a45485eec284d5e107a6a1f34","org.apache.openjpa.enhance.PCEnhancer","openjpa-kernel/src/main/java/org/apache/openjpa/enhance/PCEnhancer.java","src/main/java/org/apache/openjpa/enhance/PCEnhancer.java","AaAKIzZERXPx87p8Mp2B","java:S125","CODE_SMELL","OPEN","4326","This block of commented-out lines of code should be removed."
"36","4.1.1","9d2f5f8c35691c3542606bea1d23b916bcbeda8d","1881d68c-2c8f-452b-8c6e-ee46e0c4e2cc","9a3db3eb463ab40a45485eec284d5e107a6a1f34","org.apache.openjpa.enhance.PCEnhancer","openjpa-kernel/src/main/java/org/apache/openjpa/enhance/PCEnhancer.java","src/main/java/org/apache/openjpa/enhance/PCEnhancer.java","AaAKIzZERXPx87p8Mp2C","java:S125","CODE_SMELL","OPEN","4336","This block of commented-out lines of code should be removed."
"36","4.1.1","9d2f5f8c35691c3542606bea1d23b916bcbeda8d","1881d68c-2c8f-452b-8c6e-ee46e0c4e2cc","9a3db3eb463ab40a45485eec284d5e107a6a1f34","org.apache.openjpa.enhance.PCEnhancer","openjpa-kernel/src/main/java/org/apache/openjpa/enhance/PCEnhancer.java","src/main/java/org/apache/openjpa/enhance/PCEnhancer.java","AaAKIzZERXPx87p8Mp2D","java:S125","CODE_SMELL","OPEN","4343","This block of commented-out lines of code should be removed."
"36","4.1.1","9d2f5f8c35691c3542606bea1d23b916bcbeda8d","1881d68c-2c8f-452b-8c6e-ee46e0c4e2cc","9a3db3eb463ab40a45485eec284d5e107a6a1f34","org.apache.openjpa.enhance.PCEnhancer","openjpa-kernel/src/main/java/org/apache/openjpa/enhance/PCEnhancer.java","src/main/java/org/apache/openjpa/enhance/PCEnhancer.java","AaAKIzZERXPx87p8Mp2F","java:S125","CODE_SMELL","OPEN","4376","This block of commented-out lines of code should be removed."
"36","4.1.1","9d2f5f8c35691c3542606bea1d23b916bcbeda8d","1881d68c-2c8f-452b-8c6e-ee46e0c4e2cc","9a3db3eb463ab40a45485eec284d5e107a6a1f34","org.apache.openjpa.enhance.PCEnhancer","openjpa-kernel/src/main/java/org/apache/openjpa/enhance/PCEnhancer.java","src/main/java/org/apache/openjpa/enhance/PCEnhancer.java","AaAKIzZERXPx87p8Mp2G","java:S125","CODE_SMELL","OPEN","4399","This block of commented-out lines of code should be removed."
"36","4.1.1","9d2f5f8c35691c3542606bea1d23b916bcbeda8d","1881d68c-2c8f-452b-8c6e-ee46e0c4e2cc","9a3db3eb463ab40a45485eec284d5e107a6a1f34","org.apache.openjpa.enhance.PCEnhancer","openjpa-kernel/src/main/java/org/apache/openjpa/enhance/PCEnhancer.java","src/main/java/org/apache/openjpa/enhance/PCEnhancer.java","AaAKIzZERXPx87p8Mp2H","java:S125","CODE_SMELL","OPEN","4490","This block of commented-out lines of code should be removed."
"36","4.1.1","9d2f5f8c35691c3542606bea1d23b916bcbeda8d","1881d68c-2c8f-452b-8c6e-ee46e0c4e2cc","9a3db3eb463ab40a45485eec284d5e107a6a1f34","org.apache.openjpa.enhance.PCEnhancer","openjpa-kernel/src/main/java/org/apache/openjpa/enhance/PCEnhancer.java","src/main/java/org/apache/openjpa/enhance/PCEnhancer.java","AaAKIzZERXPx87p8Mp2I","java:S125","CODE_SMELL","OPEN","4508","This block of commented-out lines of code should be removed."
"36","4.1.1","9d2f5f8c35691c3542606bea1d23b916bcbeda8d","1881d68c-2c8f-452b-8c6e-ee46e0c4e2cc","9a3db3eb463ab40a45485eec284d5e107a6a1f34","org.apache.openjpa.enhance.PCEnhancer","openjpa-kernel/src/main/java/org/apache/openjpa/enhance/PCEnhancer.java","src/main/java/org/apache/openjpa/enhance/PCEnhancer.java","AaAKIzZERXPx87p8Mp2J","java:S125","CODE_SMELL","OPEN","4752","This block of commented-out lines of code should be removed."
"36","4.1.1","9d2f5f8c35691c3542606bea1d23b916bcbeda8d","1881d68c-2c8f-452b-8c6e-ee46e0c4e2cc","9a3db3eb463ab40a45485eec284d5e107a6a1f34","org.apache.openjpa.enhance.PCEnhancer","openjpa-kernel/src/main/java/org/apache/openjpa/enhance/PCEnhancer.java","src/main/java/org/apache/openjpa/enhance/PCEnhancer.java","AaAKIzZERXPx87p8Mp2K","java:S125","CODE_SMELL","OPEN","4766","This block of commented-out lines of code should be removed."
"36","4.1.1","9d2f5f8c35691c3542606bea1d23b916bcbeda8d","1881d68c-2c8f-452b-8c6e-ee46e0c4e2cc","9a3db3eb463ab40a45485eec284d5e107a6a1f34","org.apache.openjpa.enhance.PCEnhancer","openjpa-kernel/src/main/java/org/apache/openjpa/enhance/PCEnhancer.java","src/main/java/org/apache/openjpa/enhance/PCEnhancer.java","AaAKIzZERXPx87p8Mp2L","java:S125","CODE_SMELL","OPEN","4775","This block of commented-out lines of code should be removed."
"36","4.1.1","9d2f5f8c35691c3542606bea1d23b916bcbeda8d","1881d68c-2c8f-452b-8c6e-ee46e0c4e2cc","9a3db3eb463ab40a45485eec284d5e107a6a1f34","org.apache.openjpa.enhance.PCEnhancer","openjpa-kernel/src/main/java/org/apache/openjpa/enhance/PCEnhancer.java","src/main/java/org/apache/openjpa/enhance/PCEnhancer.java","AaAKIzZERXPx87p8Mp2M","java:S125","CODE_SMELL","OPEN","4787","This block of commented-out lines of code should be removed."
"36","4.1.1","9d2f5f8c35691c3542606bea1d23b916bcbeda8d","1881d68c-2c8f-452b-8c6e-ee46e0c4e2cc","9a3db3eb463ab40a45485eec284d5e107a6a1f34","org.apache.openjpa.enhance.PCEnhancer","openjpa-kernel/src/main/java/org/apache/openjpa/enhance/PCEnhancer.java","src/main/java/org/apache/openjpa/enhance/PCEnhancer.java","AaAKIzZERXPx87p8Mp2N","java:S125","CODE_SMELL","OPEN","4863","This block of commented-out lines of code should be removed."
"36","4.1.1","9d2f5f8c35691c3542606bea1d23b916bcbeda8d","1881d68c-2c8f-452b-8c6e-ee46e0c4e2cc","9a3db3eb463ab40a45485eec284d5e107a6a1f34","org.apache.openjpa.enhance.PCEnhancer","openjpa-kernel/src/main/java/org/apache/openjpa/enhance/PCEnhancer.java","src/main/java/org/apache/openjpa/enhance/PCEnhancer.java","AaAKIzZERXPx87p8Mp2O","java:S131","CODE_SMELL","OPEN","4923","Add a default case to this switch."
"36","4.1.1","9d2f5f8c35691c3542606bea1d23b916bcbeda8d","1881d68c-2c8f-452b-8c6e-ee46e0c4e2cc","9a3db3eb463ab40a45485eec284d5e107a6a1f34","org.apache.openjpa.enhance.PCEnhancer","openjpa-kernel/src/main/java/org/apache/openjpa/enhance/PCEnhancer.java","src/main/java/org/apache/openjpa/enhance/PCEnhancer.java","AaAKIzZERXPx87p8Mp2P","java:S125","CODE_SMELL","OPEN","4931","This block of commented-out lines of code should be removed."
"36","4.1.1","9d2f5f8c35691c3542606bea1d23b916bcbeda8d","1881d68c-2c8f-452b-8c6e-ee46e0c4e2cc","9a3db3eb463ab40a45485eec284d5e107a6a1f34","org.apache.openjpa.enhance.PCEnhancer","openjpa-kernel/src/main/java/org/apache/openjpa/enhance/PCEnhancer.java","src/main/java/org/apache/openjpa/enhance/PCEnhancer.java","AaAKIzZERXPx87p8Mp2Q","java:S125","CODE_SMELL","OPEN","4967","This block of commented-out lines of code should be removed."
"36","4.1.1","9d2f5f8c35691c3542606bea1d23b916bcbeda8d","1881d68c-2c8f-452b-8c6e-ee46e0c4e2cc","9a3db3eb463ab40a45485eec284d5e107a6a1f34","org.apache.openjpa.enhance.PCEnhancer","openjpa-kernel/src/main/java/org/apache/openjpa/enhance/PCEnhancer.java","src/main/java/org/apache/openjpa/enhance/PCEnhancer.java","AaAKIzZERXPx87p8Mp2R","java:S125","CODE_SMELL","OPEN","4978","This block of commented-out lines of code should be removed."
"36","4.1.1","9d2f5f8c35691c3542606bea1d23b916bcbeda8d","1881d68c-2c8f-452b-8c6e-ee46e0c4e2cc","9a3db3eb463ab40a45485eec284d5e107a6a1f34","org.apache.openjpa.enhance.PCEnhancer","openjpa-kernel/src/main/java/org/apache/openjpa/enhance/PCEnhancer.java","src/main/java/org/apache/openjpa/enhance/PCEnhancer.java","AaAKIzZERXPx87p8Mp2S","java:S125","CODE_SMELL","OPEN","4989","This block of commented-out lines of code should be removed."
"36","4.1.1","9d2f5f8c35691c3542606bea1d23b916bcbeda8d","1881d68c-2c8f-452b-8c6e-ee46e0c4e2cc","9a3db3eb463ab40a45485eec284d5e107a6a1f34","org.apache.openjpa.enhance.PCEnhancer","openjpa-kernel/src/main/java/org/apache/openjpa/enhance/PCEnhancer.java","src/main/java/org/apache/openjpa/enhance/PCEnhancer.java","AaAKIzZERXPx87p8Mp2T","java:S125","CODE_SMELL","OPEN","5010","This block of commented-out lines of code should be removed."
"36","4.1.1","9d2f5f8c35691c3542606bea1d23b916bcbeda8d","1881d68c-2c8f-452b-8c6e-ee46e0c4e2cc","9a3db3eb463ab40a45485eec284d5e107a6a1f34","org.apache.openjpa.enhance.PCEnhancer","openjpa-kernel/src/main/java/org/apache/openjpa/enhance/PCEnhancer.java","src/main/java/org/apache/openjpa/enhance/PCEnhancer.java","AaAKIzZERXPx87p8Mp2U","java:S125","CODE_SMELL","OPEN","5097","This block of commented-out lines of code should be removed."
"36","4.1.1","9d2f5f8c35691c3542606bea1d23b916bcbeda8d","1881d68c-2c8f-452b-8c6e-ee46e0c4e2cc","9a3db3eb463ab40a45485eec284d5e107a6a1f34","org.apache.openjpa.enhance.PCEnhancer","openjpa-kernel/src/main/java/org/apache/openjpa/enhance/PCEnhancer.java","src/main/java/org/apache/openjpa/enhance/PCEnhancer.java","AaAKIzZERXPx87p8Mp2V","java:S106","CODE_SMELL","OPEN","5490","Replace this use of System.err by a logger."
"36","4.1.1","9d2f5f8c35691c3542606bea1d23b916bcbeda8d","1881d68c-2c8f-452b-8c6e-ee46e0c4e2cc","9a3db3eb463ab40a45485eec284d5e107a6a1f34","org.apache.openjpa.enhance.PCEnhancer","openjpa-kernel/src/main/java/org/apache/openjpa/enhance/PCEnhancer.java","src/main/java/org/apache/openjpa/enhance/PCEnhancer.java","AaAKIzZERXPx87p8Mp2W","java:S3776","CODE_SMELL","OPEN","5540","Refactor this method to reduce its Cognitive Complexity from 31 to the 15 allowed."
"36","4.1.1","9d2f5f8c35691c3542606bea1d23b916bcbeda8d","1881d68c-2c8f-452b-8c6e-ee46e0c4e2cc","9a3db3eb463ab40a45485eec284d5e107a6a1f34","org.apache.openjpa.enhance.PCEnhancerAgent","openjpa-kernel/src/main/java/org/apache/openjpa/enhance/PCEnhancerAgent.java","src/main/java/org/apache/openjpa/enhance/PCEnhancerAgent.java","AaAKIzX4RXPx87p8Mpx0","java:S1118","CODE_SMELL","OPEN","70","Add a private constructor to hide the implicit public one."
