IssueKey,FixCommitId,Status,EvidenceRows,FixedFiles,BugIntroducingCommits,BlamedLines,SameIssueFixRowsSkipped,SameIssueFixBlamedLinesSkipped
"OPENJPA-100","6055a34b4215b472dce012d28ead7a2a7c6f8f19",EVIDENCE,1,1,1,1,0,0
"OPENJPA-1002","09859699f9087e5d7200999cb8eae48bc04aa201",EVIDENCE,11,2,10,34,0,0
"OPENJPA-1002","e4b87fd6b34dfb2b508b387bf8e365507509eb4f",EVIDENCE,1,1,1,7,0,0
"OPENJPA-1004","f21f7b5ae5d52a2897fc96916ef20fb6f0f541a8",EVIDENCE,2,2,2,2,0,0
"OPENJPA-102","c7128669c7e1f439f45c62d07b58e8add38343d2",EVIDENCE,3,3,2,3,0,0
"OPENJPA-1020","3320287392e035415d7867ac7312d9109d02306a",EVIDENCE,1,1,1,1,0,0
"OPENJPA-1025","14ae1c34cf1481607b2f321b625014fed59d6e29",EVIDENCE,2,1,2,4,0,0
"OPENJPA-1028","2901ea6e52b348dde119185181c33a5038f47922",EVIDENCE,2,1,2,2,0,0
"OPENJPA-1029","d9039ca64064c99558efd6db6d15c4028ad63236",EVIDENCE,2,1,2,31,0,0
"OPENJPA-103","bb7bf5940928786ce650ef9e3f6c0fb4c84d57ce",EVIDENCE,4,1,4,10,0,0
"OPENJPA-1039","21b41a50fe101d6003fac68b940032dd9bc1f0f9",EVIDENCE,1,1,1,2,0,0
"OPENJPA-104","c7128669c7e1f439f45c62d07b58e8add38343d2",EVIDENCE,3,3,2,3,0,0
"OPENJPA-1041","0daf1bffc8bef922263cee1cb5da605137fdcba1",EVIDENCE,3,3,3,6,0,0
"OPENJPA-1049","861db8ddd022c1b27c9ab3bf36df80cf5517c046",EVIDENCE,1,1,1,1,0,0
"OPENJPA-1051","862edc8fe177faede47a4ea09f7c3cdb9a4abff7",EVIDENCE,3,3,2,6,0,0
"OPENJPA-1051","93ae72d15f2b767c41ffc4458d95d4c64e3cc74d",EVIDENCE,1,1,1,1,2,35
"OPENJPA-1051","9a7bab2a6a54849fe98de374be278f3c303e68ec",NO_EVIDENCE,0,0,0,0,1,11
"OPENJPA-1051","9c275904f3a7a6f7f5740cf641bf7fcccb710186",EVIDENCE,10,10,5,43,2,8
"OPENJPA-1051","a91e85e6db73b4c2c6b2e89eb75b2516d1bb99c6",NO_EVIDENCE,0,0,0,0,1,11
"OPENJPA-1051","d9d6898558b809c0c630c0db869d4fe8f4ec61b4",EVIDENCE,1,1,1,15,1,21
"OPENJPA-1053","1677b481b2783ee02aeba8c7175a0ae27d18fa92",EVIDENCE,2,2,2,6,0,0
"OPENJPA-1053","5cb14fe384cf59d2612817ec4c3f1c62e17dd611",EVIDENCE,2,1,2,13,0,0
"OPENJPA-1054","0d6f1a02143b3fd12342fd783f0438d764759645",EVIDENCE,1,1,1,1,0,0
"OPENJPA-1054","3c88ac3d20d871db3535a06d04735a9f7d2a7874",EVIDENCE,2,2,1,2,0,0
"OPENJPA-1060","6bccd91606d09db80dc8bf03ed6a23c47cf153fe",EVIDENCE,1,1,1,1,0,0
"OPENJPA-1061","03d9e24bc6a10c3bea737678606d74f7c6fb86fc",EVIDENCE,6,1,6,24,0,0
"OPENJPA-1067","09a77eeae3b1e25244490f0c93dc159314a872f9",EVIDENCE,1,1,1,1,0,0
"OPENJPA-1067","2e9f4187ccf0bfc07629e062a0af745806440761",EVIDENCE,1,1,1,2,0,0
"OPENJPA-1067","ef204040c208c6250fda950dfbca58ea187619ad",NO_EVIDENCE,0,0,0,0,1,1
"OPENJPA-1072","3182ed978e2ebd4d96d5b2f2af6295a446cb2ad9",EVIDENCE,1,1,1,1,0,0
"OPENJPA-1074","3eff16e07afd3ce6252574ded5a54920b2965c1f",EVIDENCE,2,2,2,6,0,0
"OPENJPA-1074","49596dc4e61534de612f34573db3167e05ddf6d2",EVIDENCE,1,1,1,2,0,0
"OPENJPA-1097","4f9de8e360c8fcb2dda9100c01b2761a3ec21f5c",NO_EVIDENCE,0,0,0,0,1,6
"OPENJPA-1097","773eefc3135294aa18d1122483e8a1d1b82f0c53",NO_EVIDENCE,0,0,0,0,2,4
"OPENJPA-1097","a99ea6218f5898e37e8a6965f812976bd3362b7e",EVIDENCE,2,1,2,3,1,3
"OPENJPA-1097","b9a230567ec725cd06f5c0db326572907f42ea52",EVIDENCE,2,1,2,11,0,0
"OPENJPA-1097","e56be85085acfc32977ddd3dc1bbb63c2f7ebd71",NO_EVIDENCE,0,0,0,0,1,1
"OPENJPA-1099","a224644c4c475b08fae3aa27cfb325b035982e0a",EVIDENCE,1,1,1,2,0,0
"OPENJPA-1100","250186fbcbf7b82437ae4e912cdcd92bab8640b8",EVIDENCE,1,1,1,1,0,0
"OPENJPA-1116","149dbef93b99ab50350f352a4864054c38ec863d",EVIDENCE,1,1,1,1,0,0
"OPENJPA-1119","0e055fb013c5713be573c5088c18320dc16764d4",EVIDENCE,1,1,1,19,0,0
"OPENJPA-112","d1a165bc613d54bd9ff9baa2ca0fbca8305b70f0",NO_EVIDENCE,0,0,0,0,0,0
"OPENJPA-1120","16344b5b33639767eecffa16c769b956633d14e2",EVIDENCE,2,2,1,17,0,0
"OPENJPA-1121","045eb544de1a22761d7aa35b9da7571be21bc37e",NO_EVIDENCE,0,0,0,0,1,1
"OPENJPA-1121","59c81b98aa2730084defb28839661bda5aad8bc3",EVIDENCE,2,1,2,3,0,0
"OPENJPA-1125","d7a6e1a08b976fb1363599412b7e13258f865999",EVIDENCE,1,1,1,8,0,0
"OPENJPA-1129","2236c1833ecb454e69dee813ddb32933292c5e5a",EVIDENCE,1,1,1,1,0,0
"OPENJPA-113","cb2a061dc7b46245b5ff4ee2478ffdb848a01315",NO_EVIDENCE,0,0,0,0,0,0
"OPENJPA-1132","5d1bd85ca843ab91f666129588621d6a74c34f5b",NO_EVIDENCE,0,0,0,0,0,0
"OPENJPA-1133","4c9be63dc661abcc91b727102d8ab72f9d92496b",NO_EVIDENCE,0,0,0,0,0,0
"OPENJPA-1135","0f45f13fc297d6b73c12e3e0a0b0b155112d4457",EVIDENCE,4,3,3,9,0,0
"OPENJPA-1135","62be4544b36fcc2f9cd343c0dbbeb177bf6a9f29",EVIDENCE,11,3,10,44,0,0
"OPENJPA-1135","ac12bb4ade57471e9eefa6f66ca9521c867d9adf",NO_EVIDENCE,0,0,0,0,1,1
"OPENJPA-1141","530a190ebb90ffd97adc3a961c6d85c896ea9f41",NO_EVIDENCE,0,0,0,0,0,0
"OPENJPA-1142","4991e6bdc22bdda1ac5d8bee44f9f3e73d94a2d0",EVIDENCE,10,5,5,47,0,0
"OPENJPA-115","3c58b8840cfe65a2cbe4283897c846e18919311e",EVIDENCE,2,1,2,7,0,0
"OPENJPA-1155","9ee5383721d40820f36cfbc30618b8a56e9b348b",EVIDENCE,1,1,1,2,0,0
"OPENJPA-116","17c6580e4ce21e706513f77586372d9bf257a244",EVIDENCE,11,1,11,1108,0,0
"OPENJPA-1163","5232b727949d00add9cb61e153cbbcdc9e13c769",EVIDENCE,11,11,4,25,0,0
"OPENJPA-1168","f6413764d5b41a83003a163b74023dce8398fb05",EVIDENCE,1,1,1,5,0,0
"OPENJPA-1174","9a4406038e22e14cd9a5b6ac96bb4cd2244dcb6f",NO_EVIDENCE,0,0,0,0,1,2
"OPENJPA-1174","ff932542e851f486df77726ee5ea2c9fe65a901a",EVIDENCE,1,1,1,12,0,0
"OPENJPA-118","2ac1bcccbb4070da2c86bfee4c7368d9466141ca",EVIDENCE,5,3,3,7,0,0
"OPENJPA-1184","048419e89b2ccdfb3c3f32d86ec1dd4b81bda8a5",NO_EVIDENCE,0,0,0,0,0,0
"OPENJPA-1185","222e01d2f3215aafd876380e3ac270c37252a95d",EVIDENCE,11,2,10,31,0,0
"OPENJPA-1185","53805483fc610b6f8491eec1e027ce99ca735553",EVIDENCE,1,1,1,1,7,73
"OPENJPA-1185","a32bb62381a03d9901298e55daf68569f0394942",NO_EVIDENCE,0,0,0,0,1,3
"OPENJPA-1185","ccfbe6cd3187c1a585633c32e8db9486e591a099",EVIDENCE,7,4,6,28,9,40
"OPENJPA-1185","f74c5d7a69fb3dda67fb26c1c0250d48e29fe359",EVIDENCE,30,11,24,272,0,0
"OPENJPA-1189","6c2e3e2d03e22f0d0f9ffc4a35aef186f1070928",EVIDENCE,11,7,7,32,0,0
"OPENJPA-119","d826caf71175811a23214b4e23545aee7625d7ed",EVIDENCE,3,3,2,3,0,0
"OPENJPA-1200","bb7048d27c55141851d7f9496f17aae407eca4e4",EVIDENCE,3,1,3,8,0,0
"OPENJPA-1201","ee9210be92ff0279aeed80460ead1f2a279c6f6e",EVIDENCE,1,1,1,1,0,0
"OPENJPA-1204","ec483537da504f3ea5c4371fe096ba636211c0c6",EVIDENCE,1,1,1,2,0,0
"OPENJPA-121","d2c748d1094f295243c7a3b9efe2b937d8bc9b0b",EVIDENCE,1,1,1,1,0,0
"OPENJPA-1211","5432ffecbb765de57791f414aa88c9dd88cd55c6",NO_EVIDENCE,0,0,0,0,0,0
"OPENJPA-1211","5f83298a9541a5a60ac8e4b3f44d1e541ed90039",NO_EVIDENCE,0,0,0,0,1,1
"OPENJPA-1211","aa72c08d4469c3e7635e972d99674e2b9f30e407",NO_EVIDENCE,0,0,0,0,0,0
"OPENJPA-1218","655ec577e9d0452d06a7ce74d6571a810605e220",EVIDENCE,2,2,1,4,0,0
"OPENJPA-122","862cd158ed5acee7361881860548c03444d01dd6",NO_EVIDENCE,0,0,0,0,0,0
"OPENJPA-1224","3067245dac166500fd0cc15c445f222334afba27",NO_EVIDENCE,0,0,0,0,1,1
"OPENJPA-1224","63a3408d7d291fd3c965500c33fabf2189530d65",NO_EVIDENCE,0,0,0,0,1,1
"OPENJPA-1224","781654af6044d7c3854d2e9d4ace73999081ba9d",NO_EVIDENCE,0,0,0,0,1,7
"OPENJPA-1224","c06481b4527a8e6903ebe62df9c040171435fbf5",EVIDENCE,2,2,1,2,0,0
"OPENJPA-1226","a4a94f5331993bc50bf1f2168246e91c2864141f",EVIDENCE,2,2,2,2,0,0
"OPENJPA-1227","201701459ab6a3fa8fd715700855f11e756436cf",NO_EVIDENCE,0,0,0,0,1,1
"OPENJPA-1227","416b8d3ccb65f8ecf612513489ed78e5cebe8641",NO_EVIDENCE,0,0,0,0,0,0
"OPENJPA-1230","c1ac969c7d951967f1faa772c65bcfa34918326e",EVIDENCE,1,1,1,1,0,0
"OPENJPA-1230","cbfd6b88dd152206de1c972f82600c001354a495",EVIDENCE,1,1,1,1,0,0
"OPENJPA-1232","3b327b5fbb3fe45f6f691d738b16fa567d345541",EVIDENCE,1,1,1,2,0,0
"OPENJPA-1239","5b68196cf1b235977c9134fe57f5ef694f8eafa1",EVIDENCE,1,1,1,3,0,0
"OPENJPA-1242","a488a122cf639eb23b37ba23670758ce6b2eef40",EVIDENCE,3,2,2,5,0,0
"OPENJPA-1248","110cb20e798f6c6eb2211b973ff23826604daf84",EVIDENCE,3,1,3,14,0,0
"OPENJPA-1248","363f7f6e3f16bf0693fce192683685894946e252",EVIDENCE,3,1,3,8,0,0
"OPENJPA-1248","ab18db113b1fcdef7db9e96d8dcd6728cda576d8",EVIDENCE,3,1,3,5,0,0
"OPENJPA-1248","c6459391c8a8668cfc0ecd7ba7de95f7b0f956bd",EVIDENCE,2,1,2,2,0,0
"OPENJPA-1248","e5d2bd435f0c0fe502ed21a7df97672406d225c9",EVIDENCE,1,1,1,1,0,0
"OPENJPA-1250","c35c13497b03903fe2aef6a5f96e37a9642a627d",NO_EVIDENCE,0,0,0,0,0,0
"OPENJPA-1253","067a6f0ffb8d51201614adace89568473ad4147c",EVIDENCE,7,4,6,66,1,3
"OPENJPA-1253","19da9769b0b11017a169f84125813ecae51a3458",EVIDENCE,1,1,1,2,0,0
"OPENJPA-1253","5c23058b0ea70d802a55cdb3f94722138d75910b",EVIDENCE,2,1,2,3,0,0
"OPENJPA-1253","6f1b9627fe928732b637e409c95669fd0cc94746",EVIDENCE,2,1,2,5,2,25
"OPENJPA-1253","72f2cb8516ee11accbb4cda1ed7c6d8479b79ee2",EVIDENCE,5,4,3,7,0,0
"OPENJPA-1253","7d3497781c1a9660863e9eb10ada9c2ae107360e",NO_EVIDENCE,0,0,0,0,1,6
"OPENJPA-1253","8c1e1a7ea57a3ebb21757762696ef9592022c71d",EVIDENCE,1,1,1,1,0,0
"OPENJPA-1253","9f29552e858bceac4e69e11547db9118d228461d",EVIDENCE,4,4,3,63,3,17
"OPENJPA-1253","c8d1003612cd9845c5e6df4f2c27c10d12c02dae",EVIDENCE,1,1,1,1,8,114
"OPENJPA-1253","cf7f69bbd57fe1f40f9c7341c10788a591278777",EVIDENCE,8,7,4,45,10,65
"OPENJPA-1253","ef54e75107ffb98f144f86937a292330a11fb823",EVIDENCE,3,2,3,4,4,8
"OPENJPA-1256","21d88cadc79848e5c678069478a036fbac439ddf",EVIDENCE,1,1,1,1,0,0
"OPENJPA-1260","dac8af35b4ade56f49747380f1de3487bd164c5b",EVIDENCE,1,1,1,3,0,0
"OPENJPA-1269","78e93abb515193f3b1abd00ee9074186527fb110",NO_EVIDENCE,0,0,0,0,0,0
"OPENJPA-1279","69cf52f68d306838a40ffbadab9b3444be5f7f4a",EVIDENCE,1,1,1,10,0,0
"OPENJPA-1281","ac939f7b5f23e8ef73e37c8baa1b0b23c5c4edce",NO_EVIDENCE,0,0,0,0,0,0
"OPENJPA-1283","5d6581bf7f75ddf7c77e37a087cf6a63cc757e94",EVIDENCE,1,1,1,1,0,0
"OPENJPA-1286","1e77f6a3e1492e289ce99b071376cdd3e90372cd",EVIDENCE,2,1,2,3,2,2
"OPENJPA-1286","701221576dc7ff77a99ea8df5c8975ac866f92c0",NO_EVIDENCE,0,0,0,0,0,0
"OPENJPA-1286","eb5baa42a27e626373134486869b1ab873ac82cb",EVIDENCE,5,3,5,8,1,13
"OPENJPA-1289","ed40459a2a4f9bac6e449b5697c995d465d854a2",EVIDENCE,1,1,1,1,0,0
"OPENJPA-1294","5120b0e629a208ae7dc9f7f049e342ef15c2ea7c",EVIDENCE,1,1,1,1,0,0
"OPENJPA-1294","6b96b82d31027452ceb1bfdc1e6a6fa42f7ca7f9",NO_EVIDENCE,0,0,0,0,0,0
"OPENJPA-1294","8abf57d913548526a24da7e321de62b45d03ba54",NO_EVIDENCE,0,0,0,0,1,1
"OPENJPA-1295","1aab5c3c6cfa9876161ff4b7e307012c7ee0b406",EVIDENCE,1,1,1,1,0,0
"OPENJPA-1295","558446dfe975d67e530e8ec35df976d605d35e0a",EVIDENCE,1,1,1,1,1,3
"OPENJPA-13","5337ce10d0a4f00c3b04ca6bfe5cc05a76020afc",EVIDENCE,4,3,3,12,0,0
"OPENJPA-1302","eded0dd8facefda2af83567ecdae12f4c09eb53f",EVIDENCE,2,1,2,2,0,0
"OPENJPA-1303","53cc83eb7ee995aa3d645f7b4bdc6492f0e609d1",EVIDENCE,4,3,4,16,0,0
"OPENJPA-1303","6861dd1d02751ae55ef64dd51f6808d044dc560d",EVIDENCE,1,1,1,2,2,3
"OPENJPA-1303","6a47c4c03328689d1133c1a46c1f5d20b56549b9",EVIDENCE,6,3,5,21,0,0
"OPENJPA-1308","105d46c6eacbaad594e991b012f046da5d7d38fd",EVIDENCE,5,4,4,10,0,0
"OPENJPA-132","eb27482080af614ff7e387b9659e72571f8ce029",NO_EVIDENCE,0,0,0,0,0,0
"OPENJPA-1325","fbb7e1208aaa9c9462a00766e26e5147e4ab44f1",EVIDENCE,2,1,2,2,0,0
"OPENJPA-1326","82aece97114ff940964db9bca34b62c9bd5279c7",NO_EVIDENCE,0,0,0,0,0,0
"OPENJPA-1328","cc5664fe2d6d2cdd08e7b9744d69075541931965",EVIDENCE,4,2,3,49,0,0
"OPENJPA-133","859da3f913d8b4f0b142fe872d78847f958f0614",EVIDENCE,4,1,4,18,0,0
"OPENJPA-1338","020d46ef1231ce51ce231581c2e9c3d52dd7fbb4",EVIDENCE,2,1,2,12,0,0
"OPENJPA-1338","1b91bd3b58fc2451148d1006f6546843cc2c1201",NO_EVIDENCE,0,0,0,0,1,5
"OPENJPA-134","b4a3a77840af840f9cd2800b717c585a3c135e5e",EVIDENCE,22,14,8,56,0,0
"OPENJPA-1341","f74e98808838fd02f31b1fb4856821920b1df536",EVIDENCE,1,1,1,4,0,0
"OPENJPA-1344","87e07a9d47a05cb6ee72c80d932a20023a296a15",NO_EVIDENCE,0,0,0,0,0,0
"OPENJPA-1344","eb41b03ff4263cb004d7c0695f103c7f12203fde",EVIDENCE,3,2,3,3,0,0
"OPENJPA-1349","cc59e096ef9850ec1638ebcf001d558b9cfaa166",EVIDENCE,1,1,1,1,0,0
"OPENJPA-1351","65d2ea8b1922cae9f68dddbdcd1e8e1212a62ba4",EVIDENCE,1,1,1,2,0,0
"OPENJPA-1352","79a4b76fdf0038f2460f6a5c828ab1e04ddf67ae",EVIDENCE,2,2,1,12,0,0
"OPENJPA-1354","3ec0fbf66fd6fd433d25e9884e2bd3453e78f1f4",EVIDENCE,1,1,1,1,0,0
"OPENJPA-1355","2ef5d26a8ead4d86219aeb533f83f54851357ac5",EVIDENCE,2,1,2,7,0,0
"OPENJPA-1360","14996dfd406d3f59d6d106ca9f89faf753b18eea",EVIDENCE,1,1,1,2,0,0
"OPENJPA-1367","97496b0bd6fe8d7471c3b3495ecab01614b8dfd9",EVIDENCE,1,1,1,16,0,0
"OPENJPA-1370","f25b573aa08af7d0d26d5bb2b40d8e3be15a6874",EVIDENCE,2,1,2,3,0,0
"OPENJPA-1371","d1feecbc9e3750c2b887f0ae95b509569d28d22e",NO_EVIDENCE,0,0,0,0,1,12
"OPENJPA-1371","eabd0c9454bab3170ce7c10208afd687c96b84b1",EVIDENCE,2,2,2,3,0,0
"OPENJPA-1375","3e83d5d15b2095330d21739e1244db9b52a1a9b3",EVIDENCE,2,1,2,5,0,0
"OPENJPA-1376","0022b991ab84c0425663eb6475c6c2c75dcae0f2",NO_EVIDENCE,0,0,0,0,1,2
"OPENJPA-1376","529827b0fb77ddfdcec4474772972da6c02b51e3",NO_EVIDENCE,0,0,0,0,0,0
"OPENJPA-1376","e0a0050e7bec8032ec0160bdf3c955b1e437737c",EVIDENCE,15,6,10,92,0,0
"OPENJPA-1377","75f3a174a46540cdcf3509396f7c82febcfd6c2f",EVIDENCE,3,1,3,5,0,0
"OPENJPA-1379","19eb9f2615a15ae74a13668b88e3fd6136911d3e",EVIDENCE,1,1,1,2,0,0
"OPENJPA-1380","983b34b68e9b5cf2fb5b78744f6bb2fcb654389c",NO_EVIDENCE,0,0,0,0,0,0
"OPENJPA-1381","6f11e4d9836fa362d530d00cdd01342594eef1ab",EVIDENCE,1,1,1,1,0,0
"OPENJPA-1381","9c275904f3a7a6f7f5740cf641bf7fcccb710186",EVIDENCE,11,10,6,46,1,5
"OPENJPA-1381","cfea146c2953a8b46abed0f5de50cf42701ccf7b",EVIDENCE,1,1,1,1,1,1
"OPENJPA-1381","fb82c6ad138638358017b9516f3340bf1a75e4fe",EVIDENCE,2,1,2,2,1,1
"OPENJPA-1384","27996efb4882423eb1fce9425626d068e4eb501b",NO_EVIDENCE,0,0,0,0,0,0
"OPENJPA-1385","865dad93aac88d8cf206825c60b1c7f340fe70eb",NO_EVIDENCE,0,0,0,0,0,0
"OPENJPA-1386","5d765ea05b1f786c2bc6d48e3231c5d3a5166269",EVIDENCE,2,1,2,42,0,0
"OPENJPA-1386","6e630e827ea2a257b2277c5589532b3b3b2e7fea",EVIDENCE,2,1,2,2,0,0
"OPENJPA-1387","05c785704cc706a1ca3745a5b2a3625eafb96c21",EVIDENCE,1,1,1,1,0,0
"OPENJPA-1387","5143d0cafd3ccd45a973f5945561675d87a5e81c",EVIDENCE,3,2,2,3,0,0
"OPENJPA-1387","61f9b32a496f538e89074b5edd563bc1f01fb532",EVIDENCE,7,3,5,32,0,0
"OPENJPA-1387","69d2415b575d884968cb2e974173e6af570e093b",EVIDENCE,2,2,2,2,0,0
"OPENJPA-1387","7bd2b4ae49b25d040313dd17d2fbce9be74c3378",EVIDENCE,2,1,2,2,1,10
"OPENJPA-1387","9c275904f3a7a6f7f5740cf641bf7fcccb710186",EVIDENCE,3,3,3,13,9,38
"OPENJPA-1388","ee30b010dcbd58258c5d940d121e02f70b8160d9",EVIDENCE,2,2,2,3,0,0
"OPENJPA-139","7ea424bf0b36d6be115976fa6134877116fc2dee",NO_EVIDENCE,0,0,0,0,0,0
"OPENJPA-1390","481bb3d6eb14697e425a673b643e6037424c173e",EVIDENCE,2,1,2,13,0,0
"OPENJPA-1391","be2ff16fe3ac83e54723daa4452dc71a6c1e2a14",EVIDENCE,7,3,6,35,0,0
"OPENJPA-1392","f1451e5fd868eacfabaf3500faeae13f05de3e79",EVIDENCE,3,1,3,5,0,0
"OPENJPA-1393","f1451e5fd868eacfabaf3500faeae13f05de3e79",EVIDENCE,3,1,3,5,0,0
"OPENJPA-1394","f6a6ee15f23f7bf7d99d33a3c904985b1ef8e98a",NO_EVIDENCE,0,0,0,0,0,0
"OPENJPA-1396","c3a856faa022f43d8fe9b30d954edd46e1401131",EVIDENCE,7,4,4,21,0,0
"OPENJPA-1397","8607e0b3b4050a29c93c15bdd23fe676bf76490f",EVIDENCE,1,1,1,2,0,0
"OPENJPA-14","978bc40091963f9a89f08b64a4163687a0d9fec7",EVIDENCE,1,1,1,2,0,0
"OPENJPA-14","dcb47f0fe406c5d926c2d0e654b6690a15111cf1",EVIDENCE,4,4,3,4,0,0
"OPENJPA-1400","2c00f18f0c634ed5c16ebdbb90188e24033ef124",EVIDENCE,1,1,1,3,0,0
"OPENJPA-1401","9e8b0ded0b5c204f3de3df3abb8f79b44d9f7421",EVIDENCE,4,1,4,4,0,0
"OPENJPA-1409","1aaa1aa08647c357a406ecee42e6b2439c60fb27",EVIDENCE,7,6,4,33,0,0
"OPENJPA-1409","2353db803d1f862a2b1a30052cc56346ac59cf06",EVIDENCE,2,1,2,20,0,0
"OPENJPA-1410","04bb0664750212b332720e87b5f273310a8ed1f6",EVIDENCE,1,1,1,2,0,0
"OPENJPA-1410","9ea3fe08956adcf351ceaa6ca8fd8f7dfd4989e6",EVIDENCE,1,1,1,25,0,0
"OPENJPA-1410","acafc94a5e539c4b0bd2a3913006cb32da303f67",NO_EVIDENCE,0,0,0,0,1,15
"OPENJPA-1410","d299ac431108416d606549ec771ca5b5a26d78a6",NO_EVIDENCE,0,0,0,0,0,0
"OPENJPA-1413","3f3d586c7301b1f2f926fb40fac194b6229d970e",EVIDENCE,1,1,1,1,0,0
"OPENJPA-142","b5bab78e043329c97b0ddac1558bd595e5a522aa",EVIDENCE,2,2,2,3,0,0
"OPENJPA-1424","43c55d05391c97160cb6e963742b19c62ba1a3b3",EVIDENCE,1,1,1,1,0,0
"OPENJPA-1424","e5ba74a9fcefaacdb963405c65910f9272c6829c",EVIDENCE,1,1,1,1,0,0
"OPENJPA-1425","4515e2f5da657fedb0329c5bc5e48e657e861ebb",NO_EVIDENCE,0,0,0,0,0,0
"OPENJPA-1425","b1ee063aa43a1e1fbfd837ef82a25a3e7ef937c4",NO_EVIDENCE,0,0,0,0,0,0
"OPENJPA-143","6cd259f310fb0feab604805ffd0578e85513b64c",EVIDENCE,5,3,3,36,0,0
"OPENJPA-1431","8dff01769495aa4fd94c83b58f144dfdebdfc581",EVIDENCE,1,1,1,3,0,0
"OPENJPA-1432","5d9f08e72877b208dad9135afec8b630ce41f81d",EVIDENCE,3,2,3,4,0,0
"OPENJPA-1435","8410bc88c6fca3587170b61ad9890c1717e81b1e",EVIDENCE,1,1,1,1,0,0
"OPENJPA-1438","d189eac9dd6dd756643c3edce6932c56c87fb9a4",EVIDENCE,1,1,1,5,0,0
"OPENJPA-1439","d491a9cbed9beaf7f838e67e5ecd7aa8d10d58e5",EVIDENCE,1,1,1,4,0,0
"OPENJPA-1441","35377aace92dfd5554b0e795e8178f93f1878d3a",NO_EVIDENCE,0,0,0,0,0,0
"OPENJPA-1442","a0e001e40ad600372f16d5708f580fc101fec3c3",EVIDENCE,1,1,1,2,0,0
"OPENJPA-1444","29e919f2ccea6667a47212f1f333fe78a8b43fc0",EVIDENCE,3,3,3,3,5,55
"OPENJPA-1444","3dee418d36c7aa1c217c3779ec7813ee9f9e87ae",EVIDENCE,4,2,4,6,0,0
"OPENJPA-1444","df5a403700ac8f070408bf86fdebeedbf209fea8",NO_EVIDENCE,0,0,0,0,1,1
"OPENJPA-1445","775c627b8038f03a86bb1a0bd1cd03e3caf07070",NO_EVIDENCE,0,0,0,0,0,0
"OPENJPA-1445","fded22b2e04b8c2482fe257226c15a94bd8f23be",EVIDENCE,1,1,1,17,0,0
"OPENJPA-1452","3065f2febb333b4680ccd5649ece87dc2592afa9",NO_EVIDENCE,0,0,0,0,0,0
"OPENJPA-1452","6710465b7c66b61222d7c034022a143c93586225",EVIDENCE,2,1,2,4,0,0
"OPENJPA-1455","b08a0d179bb3fd690da18a2556e9ccc09dfb2c0a",NO_EVIDENCE,0,0,0,0,1,9
"OPENJPA-1455","e303892e2a16cc50785f37b951d047e394bf08ac",EVIDENCE,2,2,2,2,0,0
"OPENJPA-1455","e53378bd2697a023a2be5d4c9191fa80c3411800",NO_EVIDENCE,0,0,0,0,1,1
"OPENJPA-1458","2331d205229f72e7526d03896b5fbdca16ffca2b",EVIDENCE,2,2,1,3,0,0
"OPENJPA-146","1b446958f5699c2adecb3163ab9ce44b873b2f57",EVIDENCE,2,2,2,3,0,0
"OPENJPA-1460","00c44aba43590c4e3f6dab5d71cbae433a13fdb9",NO_EVIDENCE,0,0,0,0,1,2
"OPENJPA-1460","1049796100da5f1b082f026c73ae3bb19139dde1",NO_EVIDENCE,0,0,0,0,3,5
"OPENJPA-1460","36e31ae445e15bc38fdc93bf1d887fb670eac1c5",EVIDENCE,2,2,2,2,0,0
"OPENJPA-1460","3bff9645033db9d990e80187a76b6de08e840aa8",NO_EVIDENCE,0,0,0,0,2,2
"OPENJPA-1460","4a987190d99d77dd18878423280489367bd17397",NO_EVIDENCE,0,0,0,0,2,2
"OPENJPA-1460","c15f473949ca72a972dc75f61c5f0b43a9dd1e9f",NO_EVIDENCE,0,0,0,0,8,54
"OPENJPA-1460","d299ac431108416d606549ec771ca5b5a26d78a6",NO_EVIDENCE,0,0,0,0,0,0
"OPENJPA-1461","dad4ad195225eaa68e6e3bed942822f0ea86d434",EVIDENCE,1,1,1,1,0,0
"OPENJPA-1464","7b53696e6e5162debf7d48d0f02940f5df15239e",EVIDENCE,1,1,1,1,0,0
"OPENJPA-1467","a91f6d553e59d2c8a0f2c0b7ca4e4cedec33e9f6",EVIDENCE,2,1,2,11,0,0
"OPENJPA-1477","ec8dba1465635ad5fdc8d993c73fa71616face71",EVIDENCE,1,1,1,2,0,0
"OPENJPA-148","04397f562eeffeeb521527f12bfe9ab8bb83a93e",NO_EVIDENCE,0,0,0,0,1,3
"OPENJPA-148","2f4cafdcfb6f0333538602b794a11e084d19cd3f",EVIDENCE,3,1,3,7,0,0
"OPENJPA-148","bc0c353ef0533d23863758c4bb5fce9008f2170f",NO_EVIDENCE,0,0,0,0,1,1
"OPENJPA-148","e422a7d179d7f153927f3685acab59c1dcefb9fd",NO_EVIDENCE,0,0,0,0,0,0
"OPENJPA-1482","a720a9c6f69baa0dd3bed4953fbb772b5a0a4915",EVIDENCE,1,1,1,1,0,0
"OPENJPA-1483","1a216e9fb71736bbcf2007c0e3a4463332280eeb",EVIDENCE,5,3,3,11,0,0
"OPENJPA-1485","4197457c850cba65612f29bb501f0f97e3e7fcd4",EVIDENCE,1,1,1,1,0,0
"OPENJPA-1485","54ef07f799bfd130d825eef8a39257ff0f6eac1c",NO_EVIDENCE,0,0,0,0,1,1
"OPENJPA-1485","7aad95a75b06f5620fb4d9ac9b50e1a8149d0e19",EVIDENCE,1,1,1,1,1,32
"OPENJPA-1485","a32573481e7759f1c29fd12f9850193b8e611690",EVIDENCE,1,1,1,6,0,0
"OPENJPA-1486","1000f39d355943c8bfc31322f5a26ffd5a2a1d53",EVIDENCE,2,1,2,2,0,0
"OPENJPA-1491","7c748e62df7235c4030e9b936759b0108ddc5c81",EVIDENCE,4,2,4,10,0,0
"OPENJPA-1496","31265de187e0f6ba913ec895ef9e3374f4ecea47",EVIDENCE,1,1,1,1,0,0
"OPENJPA-15","582c83b29b9e825ab80208737e1d4c88bb7859d5",EVIDENCE,1,1,1,2,0,0
"OPENJPA-150","372b83736d50dba2a81f947b4bfd8220b8f62ed4",EVIDENCE,1,1,1,18,0,0
"OPENJPA-1500","06e6582ab859de863a192f05665d59dfb6256448",EVIDENCE,1,1,1,3,0,0
"OPENJPA-1501","5668a18ec0a54730824d60d3a97a0c3031d4fda6",EVIDENCE,1,1,1,4,0,0
"OPENJPA-1503","ad106583e804914433e0ff9d3644b6e8894d821c",EVIDENCE,1,1,1,1,0,0
"OPENJPA-1503","ad3cf2c68210d3ad53f71fdc3a5f9a543d12b748",EVIDENCE,1,1,1,1,0,0
"OPENJPA-1503","c043302e1e6c90d2859ae5833f455a53a3c62bd8",EVIDENCE,2,1,2,7,0,0
"OPENJPA-1503","d82add658d2dd767680978e038501895005a3eb3",NO_EVIDENCE,0,0,0,0,1,2
"OPENJPA-1503","e71cd295fcb912db12fa9d51e3a451fc2ffa2859",NO_EVIDENCE,0,0,0,0,1,2
"OPENJPA-1506","80d6c79b52588dd0c0f7e1fd76f02b67a9b9a945",EVIDENCE,2,1,2,3,0,0
"OPENJPA-1507","e603bdc5c8e4a2d8c0be197490f2e71a33fdc553",NO_EVIDENCE,0,0,0,0,0,0
"OPENJPA-1509","23341c871cc395924aa984976c725af06af84315",NO_EVIDENCE,0,0,0,0,0,0
"OPENJPA-1515","d037890f7410c1d3f96d87ad876726578b43c61c",EVIDENCE,4,2,3,10,0,0
"OPENJPA-1524","dbe6745966ccd57b016ce50743abe43d918a83b9",EVIDENCE,1,1,1,1,0,0
"OPENJPA-1527","7f319c44739aa96d4c54262c3c87d03ab857f3ec",NO_EVIDENCE,0,0,0,0,0,0
"OPENJPA-1535","daae61a6f50a98dddaf649d919d2a46e55567802",EVIDENCE,2,1,2,5,0,0
"OPENJPA-1536","ea49b4cc6abcbf3cb38468a01df4187151fa5498",EVIDENCE,1,1,1,1,0,0
"OPENJPA-1538","4cb276067a472a4ff08636c208fff523bd38dced",EVIDENCE,1,1,1,2,0,0
"OPENJPA-154","09e7aab7778db72e6412625f39a9557d6a2646be",NO_EVIDENCE,0,0,0,0,0,0
"OPENJPA-1542","eca02573ba17e8e09bd0cf7120b87becd6f2646f",EVIDENCE,3,2,3,3,0,0
"OPENJPA-1543","11149ec5fba76796f2d3d9a2a8d26d7782d74a99",EVIDENCE,3,1,3,13,0,0
"OPENJPA-1543","c1a32728724dec004e04aad8d7896e87508e1bf0",EVIDENCE,1,1,1,1,0,0
"OPENJPA-1546","3aea82e40c85ff6d653095a797b00a189681d64f",NO_EVIDENCE,0,0,0,0,0,0
"OPENJPA-1547","8248d81a683ff3a23cccfee3394e5784bdf14760",EVIDENCE,1,1,1,1,0,0
"OPENJPA-1550","6503eabef5327eaf3c20965d75ad086c3c4480dd",NO_EVIDENCE,0,0,0,0,1,2
"OPENJPA-1550","666ec6c6de38ba34062205f7d26913720eba8fa2",EVIDENCE,7,4,6,15,4,22
"OPENJPA-1550","695bd9c4bf3b1e71db0da472d351a8d5806d5529",EVIDENCE,10,3,9,34,0,0
"OPENJPA-1550","f82184314ec6a914ce5ca9c3b8fbfa9cab31e276",NO_EVIDENCE,0,0,0,0,1,3
"OPENJPA-1556","2798b0dd7304466fea04bff576188ea23ef7e05b",EVIDENCE,1,1,1,1,0,0
"OPENJPA-1558","dd210a2831e005f3f51ec85b00ae56699ecde27a",EVIDENCE,2,1,2,5,0,0
"OPENJPA-1559","137ad1bacc9ae57248e0339dd4252b3efc833fca",EVIDENCE,2,1,2,5,0,0
"OPENJPA-1562","6d87bbdbb0d3571cf0e28f77273b1aab0cc79a2d",EVIDENCE,2,1,2,6,0,0
"OPENJPA-1565","1b20902b507ca7e7209132297266968a92e0d472",EVIDENCE,9,8,6,41,3,7
"OPENJPA-1565","4be5a5a194e541059709c9efcdd07c26990ab673",EVIDENCE,24,12,13,150,0,0
"OPENJPA-1565","4f11cba18a9009cb6e187df080358c3758c5006b",NO_EVIDENCE,0,0,0,0,0,0
"OPENJPA-1565","992ba73a7156efe8349639adcec7e714b359b99a",EVIDENCE,2,1,2,3,9,13
"OPENJPA-1565","cb895a2b25db52ebe4527a8845cf5a973dd9d54b",NO_EVIDENCE,0,0,0,0,1,2
"OPENJPA-1565","f04031edc128146bb7cfa52e072affb904930a43",EVIDENCE,7,5,7,36,0,0
"OPENJPA-1565","f3b00d780109213bcef19166ae5d1894cab84c9f",NO_EVIDENCE,0,0,0,0,0,0
"OPENJPA-1568","8f45b5bf0b20c1e371874defd0b9c20b6c0f58fa",EVIDENCE,1,1,1,1,1,2
"OPENJPA-1568","e2df6f49e485380d9b462b486242205fec61a052",EVIDENCE,1,1,1,1,0,0
"OPENJPA-1569","33e8df53bd3ea521634391064139938a0058364b",EVIDENCE,1,1,1,1,0,0
"OPENJPA-1569","dab906385e2723423d5b9c243457ed2befc034cb",NO_EVIDENCE,0,0,0,0,1,1
"OPENJPA-157","82a62a6b7800f0c218102c62232667390ef1d071",EVIDENCE,1,1,1,1,0,0
"OPENJPA-1570","d69fb9a65af2ef739981033a7e755f6b6bde7e2f",EVIDENCE,1,1,1,1,0,0
"OPENJPA-1573","a5ca9aae2d5160fb463bd7a619e999732d222f31",NO_EVIDENCE,0,0,0,0,0,0
"OPENJPA-1575","d1b0d0fd6d376a381a0e7b6fd0f87b5222a86c69",EVIDENCE,5,2,5,7,0,0
"OPENJPA-1577","41ce320cc0436552a0d90dd53ba8e875680e5225",NO_EVIDENCE,0,0,0,0,0,0
"OPENJPA-1578","1b20902b507ca7e7209132297266968a92e0d472",EVIDENCE,12,9,8,48,0,0
"OPENJPA-1578","845f9b50187f2a14ceb3826561945edb8742988e",EVIDENCE,3,2,3,3,0,0
"OPENJPA-1580","13e3c48caea0c7c8125b72f398f6443ce231902f",EVIDENCE,1,1,1,2,0,0
"OPENJPA-1581","bd9b59c90f575b71a7167b48fadfb35ffa61449a",EVIDENCE,1,1,1,1,0,0
"OPENJPA-1583","8c1175054f028ef00d219c054b66fd6634eca020",EVIDENCE,5,4,2,13,0,0
"OPENJPA-1584","15c64cb8f4db54346a10cc5c9183b3343db5c0b5",EVIDENCE,3,1,3,23,0,0
"OPENJPA-1588","43c4cff942f56fafcfeda67d7a0a25349066b90c",EVIDENCE,3,2,2,6,0,0
"OPENJPA-1596","53dddbeb8f0468a1f0728cd3e08a7d9d9cd1c701",EVIDENCE,1,1,1,1,0,0
"OPENJPA-1596","5e6d42a5bc5bd23d72f555e32060e1dfa3a844bd",NO_EVIDENCE,0,0,0,0,1,2
"OPENJPA-1596","aef5474423cb4f981da16c4534cb3117bb46777d",EVIDENCE,1,1,1,1,0,0
"OPENJPA-1597","0df0c0142ff78f73934a03cdbc4655eeebbc0bc7",EVIDENCE,2,1,2,9,0,0
"OPENJPA-1597","371a31a41a78267170b4af8958578d291e074d5d",EVIDENCE,1,1,1,3,1,1
"OPENJPA-1597","3df86b0e95cf008678785f5dd8671ab1154dad1c",EVIDENCE,2,1,2,3,0,0
"OPENJPA-1597","a9648ec87e0414f0b27cf43fd562d85864c8f48f",EVIDENCE,1,1,1,1,0,0
"OPENJPA-1597","c0ad7b61a7ad75b66b312e1c518390862d88b4a4",EVIDENCE,2,1,2,10,0,0
"OPENJPA-1597","cb0ca8f009a53d1856ec082674b35714c355407f",NO_EVIDENCE,0,0,0,0,1,1
"OPENJPA-1599","0010c931cf1aca125dfba3e1b581acdce934e1cf",NO_EVIDENCE,0,0,0,0,0,0
"OPENJPA-1599","048ffd924d61e9a7b5e90df207900ad325ad2bbb",EVIDENCE,3,1,3,5,0,0
"OPENJPA-1602","b1a2190cf331462d5c6686df87588541f5bb8038",NO_EVIDENCE,0,0,0,0,0,0
"OPENJPA-1604","43988aba97d8a7f3309da10edda2e9e267da1c1d",EVIDENCE,4,2,4,4,2,3
"OPENJPA-1604","59cdb21326c40529904cc1997db9963fd0cf4b93",NO_EVIDENCE,0,0,0,0,5,25
"OPENJPA-1604","6f6e94df7614a48410abe9366e375abbce7bf312",EVIDENCE,4,4,3,6,0,0
"OPENJPA-1604","90355300bbec7ad38404dee8b25e3a4eb017e5aa",NO_EVIDENCE,0,0,0,0,2,2
"OPENJPA-1604","e36547dafcfd58c3de02ffc8f86d686e73b4eec0",EVIDENCE,1,1,1,1,0,0
"OPENJPA-1605","5de5b5136f764f222ba099ebb7f9e2ba22814c43",EVIDENCE,1,1,1,1,0,0
"OPENJPA-1608","53325aed75b92802f4649333e65fa16119402fb3",NO_EVIDENCE,0,0,0,0,1,4
"OPENJPA-1608","f03f7b4f61cf7470bbd690e458be189466c6b655",EVIDENCE,2,1,2,18,0,0
"OPENJPA-1609","4555af14af5256c0c30d39646d69be7b67ec0ca7",EVIDENCE,1,1,1,1,0,0
"OPENJPA-1611","670d59ef0f54aa196308d6114dc7a0b2eff28e4f",NO_EVIDENCE,0,0,0,0,0,0
"OPENJPA-1613","7425ffca2dddbbe1bcc9b6a7f075e294b8948f2c",EVIDENCE,2,1,2,11,0,0
"OPENJPA-1618","db11713e8cbace63e5f56c0030e288a3796a64b8",EVIDENCE,1,1,1,1,0,0
"OPENJPA-162","afce8f543abfbcbe81eb87c7ed5e22c1879e44a5",EVIDENCE,1,1,1,1,0,0
"OPENJPA-1625","689f42f7aa657402ae217c81dadee45b2e86c967",EVIDENCE,1,1,1,8,0,0
"OPENJPA-1626","d899ba81075c96cd6a46b724e49e3bcc72697b25",NO_EVIDENCE,0,0,0,0,0,0
"OPENJPA-1627","8a034d671755a672ce2c77af3830c97c1216b5b7",EVIDENCE,1,1,1,2,0,0
"OPENJPA-1630","1ddfdcef963583c0b085494bdfb74325f9991a8b",EVIDENCE,3,1,3,13,0,0
"OPENJPA-1631","f90b0bb16fbc181b56c7e256de771bf6f21a0d7b",EVIDENCE,4,1,4,28,0,0
"OPENJPA-1634","78614963a0396123e0b0594ced458094e97435e8",EVIDENCE,11,7,7,29,0,0
"OPENJPA-1641","7851202ec6cadd5e38745bcea4dcfb224979a78d",EVIDENCE,2,1,2,9,0,0
"OPENJPA-1644","b62b8fc920a056c5f259fa65322433f277ddc106",EVIDENCE,4,4,1,8,0,0
"OPENJPA-1646","ee299cc0bd0942ef8da2156c36e342a443bb46a0",EVIDENCE,4,2,4,30,0,0
"OPENJPA-1648","c7addd5f51598dc111e89db16160c912e159c132",EVIDENCE,16,10,3,194,0,0
"OPENJPA-165","63c3748900811032ec5dc4e5e42d9745cfc53c4f",EVIDENCE,1,1,1,1,0,0
"OPENJPA-1650","c7addd5f51598dc111e89db16160c912e159c132",EVIDENCE,16,10,3,194,0,0
"OPENJPA-1657","cb77af09f2a73e30e00f0b12d23169fff1e0f003",EVIDENCE,1,1,1,1,0,0
"OPENJPA-1662","6ccd59c32bb3c3415ed527792a381052cf4b281f",EVIDENCE,8,2,6,16,0,0
"OPENJPA-1662","85ba2eada3ffc4eeba3ed8e913ccfee560d6b006",EVIDENCE,14,11,4,106,0,0
"OPENJPA-1662","ce0ffe84f24b591b79cc7fdc9f98fa970b118d6a",NO_EVIDENCE,0,0,0,0,1,1
"OPENJPA-1662","f1c1c7878785f6c066bcba0944ebd8117cc6b701",EVIDENCE,1,1,1,1,0,0
"OPENJPA-1665","5903f31e690d02f9824dff400e9fd2763c41ded8",EVIDENCE,1,1,1,2,0,0
"OPENJPA-1667","18dd7e8542ca5e97f2e9d7b54495018c8864e5b9",EVIDENCE,1,1,1,1,0,0
"OPENJPA-1668","a6cfb6c8482907e4ae240b2515a814792be3e06e",EVIDENCE,3,1,3,6,0,0
"OPENJPA-1670","1c01e8da2a9d37f885b7693b2e758608c04bd10f",EVIDENCE,2,1,2,3,0,0
"OPENJPA-1676","d5e876372dc1974dcf597820f811139d1f294bb6",NO_EVIDENCE,0,0,0,0,0,0
"OPENJPA-1678","323ebee840e6274e3023ce20417c13dc738c6d2d",EVIDENCE,2,1,2,7,0,0
"OPENJPA-1682","79b9583a46d744f7d46e50de383eaaf573c8fa9c",NO_EVIDENCE,0,0,0,0,1,11
"OPENJPA-1682","fafc33b3cd1cdd5a2060990c30e5f9b26435368f",EVIDENCE,4,4,2,16,0,0
"OPENJPA-1683","f03598fe592eb44ecace70cd2dfe7bfd79115adb",NO_EVIDENCE,0,0,0,0,0,0
"OPENJPA-1685","9d33fe34b8cf330a330c7d70162c23f16fdc436c",EVIDENCE,1,1,1,2,0,0
"OPENJPA-1686","2d21d726ab41b3e80b3326c41e9e9bfe9523c8d6",NO_EVIDENCE,0,0,0,0,1,1
"OPENJPA-1686","3865aedfaa85d4d0be8f0699ccf169723ce90240",EVIDENCE,12,8,11,158,3,43
"OPENJPA-1686","59c7001e09e34a7394eb534ec88bc1975b2120d6",EVIDENCE,3,1,3,46,1,4
"OPENJPA-1686","a873065db7f3b9190ff47a88bff1b2cbce3d3e89",EVIDENCE,18,11,14,40,0,0
"OPENJPA-1686","d31ec1274b31746e171c5b31a6a038c30991c24e",NO_EVIDENCE,0,0,0,0,2,5
"OPENJPA-1689","8781af1e8861e21fd92ed7b004cb9ac50d14d624",NO_EVIDENCE,0,0,0,0,1,4
"OPENJPA-1689","e372349aebf983e07dc6509861e885fb294e9e16",EVIDENCE,2,2,2,2,0,0
"OPENJPA-1690","2f880eaacb9481688eee2ac5b596b788f9a78b6e",NO_EVIDENCE,0,0,0,0,0,0
"OPENJPA-1690","939f644e775bcf6686d4e8514069799bd1fe2b02",EVIDENCE,1,1,1,1,0,0
"OPENJPA-1691","5a98879567c0288cd1117aa0b177091fa14706bc",EVIDENCE,3,3,3,8,0,0
"OPENJPA-1691","8a7ef392f3827e8d519b1076fd4d8f6c012420c4",NO_EVIDENCE,0,0,0,0,0,0
"OPENJPA-1692","14cfcaa3ccf7b4229f1745b53e0b976e3aab250e",EVIDENCE,7,2,7,40,0,0
"OPENJPA-1692","17246f5ff28123fb24069b3f3e6f2c3a5d8be81c",NO_EVIDENCE,0,0,0,0,1,1
"OPENJPA-1692","3905b52a90c1eebe7d95105a0043c684dfb0698b",EVIDENCE,4,2,4,8,2,2
"OPENJPA-1692","703bd8db8a82c09051e5c453bd5c849bc532b556",NO_EVIDENCE,0,0,0,0,1,10
"OPENJPA-1692","ea8dc8b630305acd9e680744c486eff12afb1ba8",EVIDENCE,5,3,5,12,0,0
"OPENJPA-1695","efa71484df0c6cbda33b62d9c181e2d31f30ee8b",EVIDENCE,1,1,1,1,0,0
"OPENJPA-1696","152e5d2d4fc50e8d8d946efff95c09c513b7fbe4",NO_EVIDENCE,0,0,0,0,2,177
"OPENJPA-1696","493bfe0e1426297ec4dee448bd10232529722c22",EVIDENCE,4,3,3,5,0,0
"OPENJPA-1697","832b5048bd6c22f27b8015036ee2669af4192986",NO_EVIDENCE,0,0,0,0,1,6
"OPENJPA-1697","d781b913d1341dff8cc9acc809f07d7c27de6890",EVIDENCE,1,1,1,4,0,0
"OPENJPA-1697","eac9c66b74a1ef21bf3f430ed84f83965bdc3a4f",EVIDENCE,3,1,3,5,1,1
"OPENJPA-1701","a88939693be3f3b732319e5d9599348466c3202b",EVIDENCE,1,1,1,4,0,0
"OPENJPA-1702","f03b417d416e292e9ba4f99632e10a137583f8ae",EVIDENCE,1,1,1,4,0,0
"OPENJPA-1704","a7c61414caff614cc33c664357f93394ca8f1744",EVIDENCE,3,1,3,10,0,0
"OPENJPA-1713","4d5d3a6aedc9385afcf95ced83ef0b71843b38e3",NO_EVIDENCE,0,0,0,0,0,0
"OPENJPA-1719","5ad6624b531aa73a595680e8d53cd1da2b432b7e",EVIDENCE,4,2,4,25,0,0
"OPENJPA-1719","a4038dadefbec53535ba84713b32e01706f25a77",NO_EVIDENCE,0,0,0,0,1,6
"OPENJPA-1722","512122c4bafdd3ff036f06e0fd79d67b694bd2e9",NO_EVIDENCE,0,0,0,0,0,0
"OPENJPA-1725","1125b86310b7c08efb2b524633acec52840093e1",NO_EVIDENCE,0,0,0,0,1,1
"OPENJPA-1725","aa88b32b06ec37c1b618d3e4c2d552b852a0b1b5",NO_EVIDENCE,0,0,0,0,2,4
"OPENJPA-1725","c159730005aee494d916063b947970eea0179899",EVIDENCE,3,2,3,6,0,0
"OPENJPA-1726","0b80f23e703e09f6d219ca2e1ce5e1051073f9ed",NO_EVIDENCE,0,0,0,0,0,0
"OPENJPA-1726","42b0b38815b90afde293c230854b2887d6bd79c8",EVIDENCE,1,1,1,1,0,0
"OPENJPA-1726","90373cb93fbff9cb8605401f4ff64d15b300e858",EVIDENCE,2,1,2,4,0,0
"OPENJPA-1726","99eef9d0184f8f8f636593caf95f69e3f2ae0e8f",EVIDENCE,1,1,1,4,0,0
"OPENJPA-1726","a0b6b2a85d817ae92812fe8594f4c5d351ac8f0e",EVIDENCE,2,2,2,4,0,0
"OPENJPA-1726","bfad6bc65fc4307403f4fd947f26d52c627065cb",EVIDENCE,1,1,1,1,0,0
"OPENJPA-1726","f8c32d45d2cf0e22a9ce747bfc258321796e6a9b",NO_EVIDENCE,0,0,0,0,0,0
"OPENJPA-1727","4dcca875006e4e2c0a91a6d9e961617f34a69898",EVIDENCE,2,1,2,5,0,0
"OPENJPA-1727","bb7c9b2fd8cc0077cdde85e6cf595c2b54d611c0",EVIDENCE,1,1,1,1,0,0
"OPENJPA-173","a044af3287e0ec164de9d0b6841998369860045f",NO_EVIDENCE,0,0,0,0,1,3
"OPENJPA-173","d5d214c1821cb78f4bf644cf0c1fe2d5cb092f69",EVIDENCE,1,1,1,7,0,0
"OPENJPA-1736","93c0bbea8feb8449956dd5af2799c4efb70cb8f5",EVIDENCE,8,3,6,304,0,0
"OPENJPA-1738","6d8b5782c9cb1f75bbe6d9c483e4f1b54f8207c7",EVIDENCE,1,1,1,3,0,0
"OPENJPA-174","229f24547add9fdf5c7414cf98895bf85f83e9d6",EVIDENCE,2,1,2,25,0,0
"OPENJPA-1740","44a7674d6ef00a358a9d8d51c7a5fc219518c34c",EVIDENCE,6,5,5,35,0,0
"OPENJPA-1742","ebd30a7cc7a59f78a25aea3161f7cc11bedef084",EVIDENCE,3,2,3,31,0,0
"OPENJPA-1743","459dddcd5946f45baf0a74bc1dfafd795a6d1494",EVIDENCE,1,1,1,1,0,0
"OPENJPA-1746","40e05de74205a5a8b5cafdc0d8f1cffc9223dd95",EVIDENCE,3,1,3,9,0,0
"OPENJPA-1746","a18edf3f92670bc100eefed84523009052db4cbd",EVIDENCE,1,1,1,1,0,0
"OPENJPA-1749","e97e42b3eb5a3297f60e4c9a816d8dff8a8f9359",EVIDENCE,1,1,1,1,0,0
"OPENJPA-175","ae2d8685e1221f3a8ab8a96cc20f2b2cd2aa208f",EVIDENCE,3,2,2,21,0,0
"OPENJPA-1756","1b07ef0bc7f53a71b4301f242e6b04963b2a362a",EVIDENCE,1,1,1,1,0,0
"OPENJPA-1757","e65737308ba646ba29eb741983d691ccb6b0f944",EVIDENCE,1,1,1,3,0,0
"OPENJPA-1762","0836fba1588af1a9c4f1544bd123a3333fcd4a6d",EVIDENCE,1,1,1,2,1,1
"OPENJPA-1762","4b19d0fa4ad20b385125b5502f886f64016d5665",EVIDENCE,3,3,1,3,0,0
"OPENJPA-1765","319ba414835f6b2826905739eaaa9958fd583ede",EVIDENCE,4,1,4,12,0,0
"OPENJPA-1768","3a2d50e0114aa180d9b2d31bde16ddf943f5c13a",EVIDENCE,1,1,1,1,0,0
"OPENJPA-1769","63a24dc7bbd3a99be2d750b5e05303f78e48f6ce",EVIDENCE,1,1,1,3,0,0
"OPENJPA-1770","3b20d750e73919118acd035b194cbe9ad64e7fc2",EVIDENCE,3,2,2,3,0,0
"OPENJPA-1784","35205c46acdd25acd7370837bb72baab900f5bcd",NO_EVIDENCE,0,0,0,0,2,9
"OPENJPA-1784","9c25bd16339a2421edb24713dae2b2b9e9998f14",EVIDENCE,2,2,2,2,0,0
"OPENJPA-1787","0971bd301c73bcc82215ecf4d9e18a9908ee5d34",EVIDENCE,1,1,1,2,0,0
"OPENJPA-1787","6fdcebd67367fb1dc9d7d50362bfbce35a0b54ac",EVIDENCE,2,2,2,5,0,0
"OPENJPA-1788","208347e88d06ea095c3893c622f215f8b8a6fbcd",EVIDENCE,1,1,1,1,0,0
"OPENJPA-179","f023f58562aeebe2ee9c456c06720de782b70116",EVIDENCE,2,1,2,4,0,0
"OPENJPA-1790","474c1b60c9363028ab9e23edbdd546115732de1b",EVIDENCE,1,1,1,1,0,0
"OPENJPA-1793","582e91b867963a008d2a8f398a8bd1c97a217a4b",EVIDENCE,1,1,1,3,0,0
"OPENJPA-1794","ca76712e3875051422c4d121bb5008f81cfd3f61",EVIDENCE,7,6,3,9,0,0
"OPENJPA-1800","a093e9daa6f01385758993501e155f837ac6b524",EVIDENCE,2,1,2,3,0,0
"OPENJPA-1800","c1b941f3d16b8d0fa4e9388c236484d42aea2438",NO_EVIDENCE,0,0,0,0,1,2
"OPENJPA-1801","426dce38672b3d6c117e3cba912d83bc1b69ec9a",NO_EVIDENCE,0,0,0,0,1,3
"OPENJPA-1801","54bef663e7d9f8ddec9e5434ca1162b09662bcab",EVIDENCE,15,5,11,255,0,0
"OPENJPA-1804","b76ab3884e1bb57e9b066d06ea516455d2de01b2",EVIDENCE,1,1,1,1,0,0
"OPENJPA-1809","9b105a2f00e451e190defd033c70271020de034d",EVIDENCE,1,1,1,1,0,0
"OPENJPA-181","f7aef4581483be989ba84eed1ea71ce0f043c17c",EVIDENCE,7,5,3,54,0,0
"OPENJPA-1810","09dab24fcd5b44519db55fc0ab3d51b6e1446c8d",NO_EVIDENCE,0,0,0,0,1,1
"OPENJPA-1810","ad98d444e1f43922ac61a25ae57bd7ccddfc6178",EVIDENCE,2,2,2,10,0,0
"OPENJPA-1811","cccd4c799d683d9beb78e9ed87c4974ca2b8306c",EVIDENCE,3,1,3,24,0,0
"OPENJPA-1814","cde2a4aaf278bc552f81158a6a573d15b775369c",EVIDENCE,1,1,1,2,0,0
"OPENJPA-1818","0bcdb27e8fc9d3f011e60a75ee570a04fe3e2a10",NO_EVIDENCE,0,0,0,0,0,0
"OPENJPA-1819","a4080f46f5aa1b420e4910209fc0eb737624dba8",EVIDENCE,1,1,1,1,0,0
"OPENJPA-1828","60e88f82faad894eddf23dc3a71c537e02baf4f1",NO_EVIDENCE,0,0,0,0,0,0
"OPENJPA-1830","739ee54c198fc0a284156f40299e906b2b74db03",EVIDENCE,3,1,3,7,0,0
"OPENJPA-1831","be183a3a94d5c1add4496473a57f5334dacc54ec",EVIDENCE,1,1,1,1,0,0
"OPENJPA-1832","2df8af745705b0fcfea38dd1a4b38604e9d12de0",NO_EVIDENCE,0,0,0,0,0,0
"OPENJPA-1835","2e11a6a90be6345a3b2f5451bd00705b5c461800",EVIDENCE,1,1,1,1,0,0
"OPENJPA-1837","75bbc90899fb644387e7cba5c5c77e5e5adc8de3",EVIDENCE,9,6,3,20,0,0
"OPENJPA-1837","fdf58d63ba0f7bf1c844e4b5da3fb904b90cf546",EVIDENCE,1,1,1,3,0,0
"OPENJPA-1838","d99e1dff36ce235658c1ec5e06311509051ab4b4",EVIDENCE,2,1,2,6,0,0
"OPENJPA-1840","f9cfbbfe2cc5cdea1b2d9885caf24c2413a7beb5",NO_EVIDENCE,0,0,0,0,0,0
"OPENJPA-1845","54234f6102364783f1349338fd606269409ba367",EVIDENCE,4,3,4,6,0,0
"OPENJPA-185","57f9f3af1da42be60f8d73594d4d1300909a83d9",NO_EVIDENCE,0,0,0,0,0,0
"OPENJPA-1853","c9bad3efcd992737adbd3df6db91b11794a1228a",NO_EVIDENCE,0,0,0,0,0,0
"OPENJPA-1856","04b1abb0393fe8f7186b507650b5bd279576bc9b",EVIDENCE,3,3,2,3,2,4
"OPENJPA-1856","7c377a90434f30c555a60bf2d9f5345d798b8bd2",EVIDENCE,3,2,3,12,0,0
"OPENJPA-1857","c3c97f7cf3477d92d94e792e8aa8bdbb36991df3",EVIDENCE,2,2,1,2,0,0
"OPENJPA-1866","8cfea1bd5f95cb05caebcecec0333ddd29912302",NO_EVIDENCE,0,0,0,0,0,0
"OPENJPA-1867","d99b9ba0341c827e69ed235d7a3f42d31673f15e",EVIDENCE,2,1,2,15,0,0
"OPENJPA-1870","f946f8383bc3ca287f8711a486c057d5aee082e9",EVIDENCE,1,1,1,1,0,0
"OPENJPA-1873","4bffcc9c9a3786f3aeb0a7a386ded3bdf25decf1",EVIDENCE,8,5,7,57,0,0
"OPENJPA-1874","6d423c5b6b04f683b545d2890f0d74b785f44be5",NO_EVIDENCE,0,0,0,0,0,0
"OPENJPA-1877","3c52abb73d84b4951c1db8e401583975f7d3793b",NO_EVIDENCE,0,0,0,0,0,0
"OPENJPA-1881","5040a436e7dc394dececa869321cfae52f30e4ac",EVIDENCE,3,1,3,4,0,0
"OPENJPA-1882","c960f725cb6d6ad6211ceec654ea657ccbebface",EVIDENCE,2,1,2,8,0,0
"OPENJPA-1884","b56fcf328763c661e1651c2ec1f2888efa9c9155",EVIDENCE,9,2,9,13,0,0
"OPENJPA-1886","98ebca2fe72b02c785715c29decb92808a288f88",EVIDENCE,2,1,2,5,0,0
"OPENJPA-1890","dcaa2177c6f89620b373823803adb7c819436e07",EVIDENCE,1,1,1,2,0,0
"OPENJPA-1892","73cd30152044f4fc56f25eb4b64529983dc9b0a1",EVIDENCE,2,1,2,3,0,0
"OPENJPA-1893","2ef2640092c857bf1cea1808a3a10923f50d3dde",EVIDENCE,2,1,2,3,0,0
"OPENJPA-1893","d12209163ebb77899629394ad563cdbe19c1fff7",EVIDENCE,1,1,1,1,0,0
"OPENJPA-1894","7178dd3f002380aee3205d83150c0d9a2d135ae4",EVIDENCE,1,1,1,1,0,0
"OPENJPA-1896","caeb66ab25f06be62007e086b38b6d03f1eb5a3c",EVIDENCE,4,2,4,7,0,0
"OPENJPA-1897","a0907bfc3f6f58fe6dfc09557934166a9d51cda5",EVIDENCE,2,1,2,3,0,0
"OPENJPA-1900","a927273cf98f33d57ccac0de89d84dbefd7c90e6",EVIDENCE,1,1,1,5,0,0
"OPENJPA-1901","52ea95686b7febacae7782817901faa54c120beb",EVIDENCE,1,1,1,1,0,0
"OPENJPA-1902","502e997b9ca45fd380090e4659e75e9486ccc965",NO_EVIDENCE,0,0,0,0,0,0
"OPENJPA-1903","ccc81f0ab872b8f78106e8ba1f8d95453be7c8da",EVIDENCE,2,1,2,15,0,0
"OPENJPA-1904","20c1d07a3816342f09f4103bacb730d3d86a43c2",EVIDENCE,4,4,2,8,0,0
"OPENJPA-1905","3de119f57a62ecdb6886cde2476232f7f12d4f86",NO_EVIDENCE,0,0,0,0,0,0
"OPENJPA-1910","c8b5c8350e2d8d7dbee3e338f9ec8f4966c5f68d",EVIDENCE,1,1,1,1,0,0
"OPENJPA-1911","c39cd993fa0927b1efffa286f324959258fa79ae",EVIDENCE,1,1,1,1,0,0
"OPENJPA-1912","891ccc625c6126e7d2b9a50be5d468927151b74b",EVIDENCE,1,1,1,8,0,0
"OPENJPA-1918","06c3ec64586a862f056b8dd951db890dcba2a582",NO_EVIDENCE,0,0,0,0,0,0
"OPENJPA-1923","28a0c0da8639543ae859bcf53c576cbaa21f2d72",EVIDENCE,1,1,1,4,0,0
"OPENJPA-1928","7eb317e488993e2f6e0acdd7843abb4833181b2e",EVIDENCE,1,1,1,2,0,0
"OPENJPA-1935","d1ec54c6914e92f02817fdeb290a860bc908fc0b",EVIDENCE,1,1,1,1,0,0
"OPENJPA-1938","24f976d6198378c4d9fc5ba3af74b52d778f83d8",EVIDENCE,3,1,3,6,0,0
"OPENJPA-1939","b44614d94b13f90d879aff00d0c8bd62f368529f",EVIDENCE,2,1,2,2,0,0
"OPENJPA-1940","61f686a3002312033366aa05ea171113b666395d",EVIDENCE,2,1,2,7,0,0
"OPENJPA-1943","0c37fc6e5744a8d84d9d343ac29323844f682b6e",EVIDENCE,8,3,7,26,0,0
"OPENJPA-1944","2cfb4f62322444507f19bb79477fa5c85a2e78c3",EVIDENCE,2,2,2,2,1,8
"OPENJPA-1944","c54b8ca82374c9b0626a2d28c0610ecb9b77496d",EVIDENCE,2,1,2,2,0,0
"OPENJPA-1954","887f8977ed6deb68f835fbd02cbb3747fd03aad2",EVIDENCE,2,2,2,4,0,0
"OPENJPA-1957","2dbbe70692adfb38d05ce040768db02ff65fbc16",NO_EVIDENCE,0,0,0,0,0,0
"OPENJPA-1958","c87edf80497062d096d5441effb7a1164e673675",NO_EVIDENCE,0,0,0,0,0,0
"OPENJPA-1959","d3d944ccd28095b9fbaa6368979b5a064fc9e744",EVIDENCE,1,1,1,1,0,0
"OPENJPA-1960","9b5fa5152acd4cd77520b36e06bdfb58d8f3cf64",EVIDENCE,2,1,2,2,0,0
"OPENJPA-1968","f10e349f7c356291d32173541c3936e0253243b8",EVIDENCE,4,1,4,10,0,0
"OPENJPA-1969","fd197214a922428f79f9b512e9fc4c144d0724f8",EVIDENCE,1,1,1,1,0,0
"OPENJPA-1974","2d232cf4c0f6aaa33dc911610ee098cab0320dbb",EVIDENCE,3,1,3,9,0,0
"OPENJPA-1975","985a59afbdfcc7ce59b712f807e5751407483d80",EVIDENCE,5,2,5,21,0,0
"OPENJPA-1979","5c1421cf09d4628064510e6b29c485a749b5f574",EVIDENCE,4,2,2,10,0,0
"OPENJPA-1981","d5e20c4a115bf69a48adb29e7791f56f82993579",EVIDENCE,1,1,1,2,0,0
"OPENJPA-1983","354eb3078e363ab26da64fbea06bd24d5a1af8de",EVIDENCE,2,1,2,11,0,0
"OPENJPA-1984","9ea0354f1bfdf56f0f6a052406edaefebe5fb3b8",EVIDENCE,2,2,2,2,0,0
"OPENJPA-1985","69fd9dbad901302a1e4ae5d9515068a1fce1bb37",EVIDENCE,1,1,1,1,0,0
"OPENJPA-1986","030ba2a41f99771c230aeec856701928a4768de9",EVIDENCE,1,1,1,1,0,0
"OPENJPA-1986","1b8ce008b291714ce06a217d607d9ad8c8e8d279",EVIDENCE,6,3,6,12,0,0
"OPENJPA-1986","c8c6c9d68c11f7313972891ff9f40708e9dabe2f",EVIDENCE,1,1,1,3,1,1
"OPENJPA-1986","f81908f3ac80c9c89c08c034e05eda20bb7f1b21",NO_EVIDENCE,0,0,0,0,1,2
"OPENJPA-1987","258cf99784da43b740a5c843cf21d39dec7aa093",EVIDENCE,1,1,1,2,0,0
"OPENJPA-1987","b6ddcab3831b5d78f3781f33f8d9864f88849d3c",EVIDENCE,1,1,1,1,0,0
"OPENJPA-1988","4540f822162023a2bed7d816cd8c0f66d3ab75c7",EVIDENCE,3,3,1,5,0,0
"OPENJPA-1989","862e818e5058f5e898374b1e49fc8e27287b2bc0",EVIDENCE,8,2,8,23,1,6
"OPENJPA-1989","d450910b0a1fb73ab73067d20500be53f3c4323c",EVIDENCE,1,1,1,2,0,0
"OPENJPA-1992","26aa776627e84f62767d689f3f71941a51687602",EVIDENCE,2,2,2,3,0,0
"OPENJPA-1993","6fc7d55a09c87112d2ade2f451c0c11947f9fab0",EVIDENCE,4,1,4,28,0,0
"OPENJPA-1993","8107dfbfa080dafb2dc0fcb06c5096d237334b0f",EVIDENCE,1,1,1,1,0,0
"OPENJPA-1993","e400abcef5f9368e384f056c4ff41efcff7cf303",NO_EVIDENCE,0,0,0,0,1,8
"OPENJPA-1994","849a77b5d3c2eb5281e9d5f0ec24b715e68fc507",EVIDENCE,1,1,1,1,0,0
"OPENJPA-1995","1148ba809d4756b67703fffb6234605cd287b50d",EVIDENCE,1,1,1,8,0,0
"OPENJPA-200","74683912e3c0de85f4c003e132af6a50a42511ba",EVIDENCE,3,1,3,7,0,0
"OPENJPA-200","f875a5e98bde4e707ceb37d7df0bcc656b7e8a8b",EVIDENCE,6,3,5,10,0,0
"OPENJPA-2000","eb4e83fa27f461c8e919bd13dc168401b7ee7400",EVIDENCE,1,1,1,1,0,0
"OPENJPA-2005","dcf90c68eb5796aba5299aaee498953fa4340fec",EVIDENCE,1,1,1,8,0,0
"OPENJPA-2006","81c46c503f5efccc4b3724c2c0ea2a19eb93db4a",NO_EVIDENCE,0,0,0,0,0,0
"OPENJPA-2007","7b0d1140ac54eb910fa00adf7b2e483a336df41d",EVIDENCE,1,1,1,1,0,0
"OPENJPA-2008","27e0e704adafd18b6056e6f1b886b202d7e36e69",NO_EVIDENCE,0,0,0,0,1,293
"OPENJPA-2008","41f09d9226c005a127e20be7609322ffd77584aa",EVIDENCE,1,1,1,1,0,0
"OPENJPA-2010","0bcded74e124d14ddd505823ac0ad479b90ac8fb",EVIDENCE,13,7,8,38,0,0
"OPENJPA-2011","8ef3f3db35c2d6464ee28721690ff0b6f5ba55e8",EVIDENCE,2,1,2,2,0,0
"OPENJPA-2013","b9e61a892316696551ff6b3c9a31cf119c6156ec",EVIDENCE,1,1,1,1,0,0
"OPENJPA-2018","092e70e0ac381227bcf55974000a48203cecd980",EVIDENCE,1,1,1,3,0,0
"OPENJPA-2018","336f654551d70fcf6a38a9db966c2e324c2b8c9e",NO_EVIDENCE,0,0,0,0,1,7
"OPENJPA-2018","c428609da75df0ca7bc5dfd7727ef6c4ebc99bb6",EVIDENCE,7,3,7,20,0,0
"OPENJPA-202","60a1e54f07a491213603b7881d7ae8615556fd2a",EVIDENCE,1,1,1,87,0,0
"OPENJPA-2022","48eaa1aef123843f822c4210f24d3bc8ca332d91",EVIDENCE,1,1,1,1,0,0
"OPENJPA-2025","ff4dc0c5cece716f812c2e2c36979b3756492bd2",EVIDENCE,5,2,3,7,0,0
"OPENJPA-2027","928aa703cba0e665bee997ba2b05703905bd0890",EVIDENCE,2,2,2,2,0,0
"OPENJPA-203","c5d82a70d54136f47033d934e822f397f28f20d2",NO_EVIDENCE,0,0,0,0,0,0
"OPENJPA-203","e541936463b4b6be3ab05ded5b2ed224b4692d6b",EVIDENCE,2,2,2,10,0,0
"OPENJPA-2034","9a974626fda5a929d680eafa34d53baebe520774",NO_EVIDENCE,0,0,0,0,0,0
"OPENJPA-2036","4412599698c8223bb71d1eeb455c1307ae0e00a3",EVIDENCE,1,1,1,10,0,0
"OPENJPA-2039","42099529a25c8a49622f332a7db208af9352e327",EVIDENCE,5,1,5,15,0,0
"OPENJPA-2039","e03262481396bc5246ef21e50234a84cd2085764",EVIDENCE,2,2,2,3,1,5
"OPENJPA-2039","ea499a8ed6331f519ec492dfab5618e7e7155dc4",NO_EVIDENCE,0,0,0,0,2,8
"OPENJPA-2044","c7c8eb2fc12418914e432b1744f4c5fded54b157",EVIDENCE,3,2,3,10,0,0
"OPENJPA-2045","2c80991f6a86405811dd5a02eb8032bf67dfbcda",NO_EVIDENCE,0,0,0,0,0,0
"OPENJPA-2051","c8a84fd37d9077bed999d104751face7d39a01bb",EVIDENCE,1,1,1,1,0,0
"OPENJPA-2053","236f409a91ba4423f6ea27045009f29877469c9d",NO_EVIDENCE,0,0,0,0,0,0
"OPENJPA-2055","e07b3ce3cf63fff17b06c6a6289a52ae40d0f62e",EVIDENCE,1,1,1,1,0,0
"OPENJPA-2056","b5859a740b3d3245654841a9c2b9d142e1d2457a",EVIDENCE,2,1,2,4,0,0
"OPENJPA-2060","16c76a0870c24d4a61a1dd191f17a155504accbb",EVIDENCE,2,1,2,2,0,0
"OPENJPA-2065","8d21608618f0a8c626cb1beaccfd17d2a416cef0",EVIDENCE,2,1,2,5,0,0
"OPENJPA-2066","201701459ab6a3fa8fd715700855f11e756436cf",EVIDENCE,1,1,1,1,0,0
"OPENJPA-2067","e6a8d377bce1c2b4ecbb349c8be7c836ea78af56",EVIDENCE,1,1,1,1,0,0
"OPENJPA-2069","5fafa802aa71b6f07aa99570c9ba4e73245e937c",EVIDENCE,5,2,5,21,0,0
"OPENJPA-2069","b66ea198aee33e0ee432d9b5c53c58e71b58b3a1",NO_EVIDENCE,0,0,0,0,0,0
"OPENJPA-207","4c0bf1be10ca50cf8a02fb2e7c58ff52f862ca5f",EVIDENCE,3,2,2,4,0,0
"OPENJPA-2070","db9849db29a9f79d97884a2d6fae2dd0f9f23db1",EVIDENCE,4,1,4,41,0,0
"OPENJPA-2071","d64a3e5fdbc286694ad644ab0dfc460307cd1159",EVIDENCE,1,1,1,6,0,0
"OPENJPA-2072","5fb9e7172681211588a526257d8c5a1bb5111530",EVIDENCE,3,1,3,4,0,0
"OPENJPA-2073","f70dd22afb4b2da8b4d731ca41b96222cc4f4d59",EVIDENCE,1,1,1,18,0,0
"OPENJPA-208","0806fd5b4409f45f86af4c92a648feaee3990b6d",EVIDENCE,2,1,2,2,1,18
"OPENJPA-208","af2550bb054bc9ec79aa02d9fa1953765b930da0",EVIDENCE,2,1,2,6,0,0
"OPENJPA-2083","6369c744bdbb4c72fca8ec0c276dffcd6be9e752",EVIDENCE,1,1,1,3,0,0
"OPENJPA-209","f1ac625b2c931ee1cb99e4eb98fdcbd8d523b781",EVIDENCE,1,1,1,1,0,0
"OPENJPA-2094","1a383857ff1c9c3e8de4f61cc1fda4ff6494d534",EVIDENCE,3,1,3,6,0,0
"OPENJPA-2094","b2af30891db8bbfd85f1fff67d21efccdba943eb",NO_EVIDENCE,0,0,0,0,1,1
"OPENJPA-2095","5fb9e7172681211588a526257d8c5a1bb5111530",EVIDENCE,3,1,3,4,0,0
"OPENJPA-2095","e6129051c263992fde38687ada21a4b41336b431",EVIDENCE,1,1,1,2,0,0
"OPENJPA-2100","9f4fba24dab254fb43d00ac65a3b2896d3ed9e61",EVIDENCE,1,1,1,2,0,0
"OPENJPA-2102","59d0a5262bcd64b577cbdf815e530a3fdc67dac7",EVIDENCE,1,1,1,1,0,0
"OPENJPA-2104","afef47f79856793909ee28256f14351eb3409588",NO_EVIDENCE,0,0,0,0,0,0
"OPENJPA-2107","d354f7cf847d7f346bdc9bd98da690c21277eb0e",EVIDENCE,1,1,1,4,0,0
"OPENJPA-2110","b7bd2c873dd8bf84fb94ced1528e4c09ebc46249",EVIDENCE,1,1,1,3,0,0
"OPENJPA-2117","11dc47c80ab3883b2da6eabd38d3af6130239fc7",EVIDENCE,1,1,1,1,0,0
"OPENJPA-2117","ad41647b999b239e7e7add88210ca20b1e0f6bf1",NO_EVIDENCE,0,0,0,0,1,1
"OPENJPA-2118","11cd0d5fd417abc6fff78bc52b124968cebab4f3",EVIDENCE,1,1,1,1,0,0
"OPENJPA-2119","824753b36cbdb20539f28959a7b2d399475d0350",EVIDENCE,2,1,2,12,0,0
"OPENJPA-2119","98859e2006bcbbe02723438788886abeb3bf0fd9",NO_EVIDENCE,0,0,0,0,1,1
"OPENJPA-2122","91eb9d4792818cf0aa0ffe43c0972bc74cd5739b",EVIDENCE,3,2,2,3,0,0
"OPENJPA-2123","1cb2f10f6ebac68a64c8b46ffce5691c33c8462f",EVIDENCE,2,1,2,2,0,0
"OPENJPA-2123","cecd73b6ee1060d4d869349e527bb392d2599bf9",EVIDENCE,7,1,7,30,0,0
"OPENJPA-2123","fdda697583d18c53e83ddd2d82fda4acbddeb58d",EVIDENCE,2,1,2,4,0,0
"OPENJPA-2124","f9cf3b7919546dda9bcf62c140022b8fbca831fc",EVIDENCE,1,1,1,1,0,0
"OPENJPA-2131","06742412b3b8caae014f9044afdccddd445dd254",EVIDENCE,4,2,3,11,0,0
"OPENJPA-2132","f94fb7f727fa9f4773ef682ea87ee6bb74af9256",EVIDENCE,1,1,1,1,0,0
"OPENJPA-2133","8c8e250f402125bcf6a05ef696e33db5417371dd",EVIDENCE,1,1,1,4,0,0
"OPENJPA-2136","6599b7b403fecc75ec7b3fb2bfd0b51bcfa6cdb8",NO_EVIDENCE,0,0,0,0,0,0
"OPENJPA-214","3885031a892f077661112ee0654a59970ac76191",EVIDENCE,1,1,1,1,0,0
"OPENJPA-2142","c275da64abe546a9af2c28bb6245cb8a95754e96",EVIDENCE,1,1,1,1,0,0
"OPENJPA-2146","8971fda1aaf23b1057b1fe20fab940411bd432c3",EVIDENCE,1,1,1,1,0,0
"OPENJPA-2149","9e9b0a7ae3ea25e999bbaa7bf4f16afa0147404b",EVIDENCE,3,3,3,10,0,0
"OPENJPA-2153","b68cf1d0fbebcc08561fbdd4d32d4d11ae6f0c73",EVIDENCE,5,2,4,7,0,0
"OPENJPA-2156","1d71976c8f38a7f56efcb70267a5249337a77981",EVIDENCE,1,1,1,5,0,0
"OPENJPA-2156","7063dd52967a0c8532624e4e0ae849a0be39b81f",EVIDENCE,1,1,1,2,0,0
"OPENJPA-2158","1925881f5d7a48764db727f30a947623c823df36",EVIDENCE,1,1,1,3,0,0
"OPENJPA-2161","3d04bdd463e3e85a02d0c7be1acfd72a1ce17f03",EVIDENCE,1,1,1,1,0,0
"OPENJPA-2161","432499a3a69acdd985b321fd9ef3101430fa7b54",EVIDENCE,1,1,1,1,1,12
"OPENJPA-2161","b2cc17c13581839173dae4986ba1005bedf6f454",EVIDENCE,4,1,4,10,0,0
"OPENJPA-2163","284b6e5ceda27eb678399930bc49e028e2e2a39b",NO_EVIDENCE,0,0,0,0,0,0
"OPENJPA-2163","42372cf6094fa8e32ad9dd31d1bc79a839f45ba4",EVIDENCE,2,2,2,4,2,53
"OPENJPA-2163","f506835fa810c177c8c93a7d0ef24d05570b21fe",EVIDENCE,3,1,3,4,0,0
"OPENJPA-2170","3bfaadf1c10169e7ca7fbc23719b044b6a64d1a2",EVIDENCE,1,1,1,2,0,0
"OPENJPA-2174","ebe06fdf352a63c3152874b3efdc4960108cf3b5",EVIDENCE,1,1,1,2,0,0
"OPENJPA-2178","aac116c904fb66ab33c8e7d72630cd3ad549bb49",EVIDENCE,1,1,1,1,0,0
"OPENJPA-218","19371ce1747cfbec0f6ab22241e28304d27d59c2",EVIDENCE,1,1,1,1,0,0
"OPENJPA-2182","d48f439bc87907703e3bb36073d50dd2f772d236",EVIDENCE,4,2,4,11,0,0
"OPENJPA-2187","ae9e05b9c7c742f7f5640f5f9fbfa090b9e6b0ba",EVIDENCE,1,1,1,3,0,0
"OPENJPA-219","0e7feca04a29f354abc476d55252bab968a87f3f",EVIDENCE,7,3,5,49,0,0
"OPENJPA-2191","32d2a850110157fb9e29e38ea1a957d1747e3852",NO_EVIDENCE,0,0,0,0,0,0
"OPENJPA-2196","654f835222f35902c73fab791b5bccc8e6289e14",EVIDENCE,3,2,3,4,0,0
"OPENJPA-2197","61b023c7842ba0cdde6305f1be742f773d0f3b84",EVIDENCE,1,1,1,8,0,0
"OPENJPA-2199","901c70e1d6a726c769fc08d80422126591b0f9ad",EVIDENCE,1,1,1,1,0,0
"OPENJPA-2199","f30d74802dfec7a0148ca0e98993a2d7495f1085",EVIDENCE,2,1,2,5,0,0
"OPENJPA-22","d35bc8a306444ed25e7322d023e46c4a1d64e60a",NO_EVIDENCE,0,0,0,0,0,0
"OPENJPA-2204","dde88d592c553549c51e88a30bd952a87f0c6c7d",EVIDENCE,1,1,1,1,0,0
"OPENJPA-222","0df6a69703ffbbdbc2cdc715d09c6969d69bf7a7",EVIDENCE,4,1,4,9,0,0
"OPENJPA-222","0f66458d4c1f410e9c71aa7ccac54c7427f27f8d",EVIDENCE,2,1,2,14,0,0
"OPENJPA-222","129360ace992869aefdde406527456c51a550686",EVIDENCE,2,1,2,15,0,0
"OPENJPA-222","30f204251018ca448a4e66c7b3d000fa67c69d85",EVIDENCE,2,1,2,7,0,0
"OPENJPA-2221","35c91eef22c711ca193954104be9ce3ba2065f39",EVIDENCE,1,1,1,3,0,0
"OPENJPA-2227","5c05a69ce6f371616dfb049fc1c996260b10a394",EVIDENCE,1,1,1,3,0,0
"OPENJPA-2228","4b04ef53cfa5769f9a32cd90808f17a5bb06a1f0",EVIDENCE,1,1,1,2,0,0
"OPENJPA-2229","a42c9c280a2834dae7e70b4c3f06e4d7ccd644d0",NO_EVIDENCE,0,0,0,0,0,0
"OPENJPA-2229","a55000a4be3385fa71d556a5a53e84a0638b6d8c",EVIDENCE,1,1,1,1,0,0
"OPENJPA-2230","5eb13dbde9782affaa41e954e72decef8f3748ca",NO_EVIDENCE,0,0,0,0,0,0
"OPENJPA-2233","9ce4d50169cdb45788e3ce67c5118c4a86ff7776",EVIDENCE,2,1,2,6,0,0
"OPENJPA-2234","94969374f623a82a8d659b763b2c987d2b1c3d79",NO_EVIDENCE,0,0,0,0,0,0
"OPENJPA-2235","bded0a42b6a490a6cc80bc69a221f7ba7cd1b877",EVIDENCE,1,1,1,1,0,0
"OPENJPA-2236","0506e9f0b5005087032543c3f908e7b2d07af8e4",EVIDENCE,1,1,1,4,0,0
"OPENJPA-2238","5afd4e851bb1fe56de5b1b546abecd799d036ad7",NO_EVIDENCE,0,0,0,0,0,0
"OPENJPA-2244","9fa9ef4fe825bf29c480303c169413ab997e5707",EVIDENCE,11,5,8,34,0,0
"OPENJPA-2245","bcda87c67b6e35d3236e04c0bc699da6f6d5022f",EVIDENCE,1,1,1,3,0,0
"OPENJPA-2247","a06d373573b5e12ba309ef9e6137ee4e759eae5e",EVIDENCE,3,1,3,4,0,0
"OPENJPA-2253","556d796ed38799a7c99d550ba4d79d26a5933abc",EVIDENCE,3,2,3,6,0,0
"OPENJPA-2253","ae3441b049f60168e8abec0ef5988c0ba6265df7",EVIDENCE,1,1,1,2,0,0
"OPENJPA-2255","bc29ef104d0494a08c348a58141760a51f18f534",EVIDENCE,1,1,1,1,0,0
"OPENJPA-2257","512520f7fb764b406aa3fc3dd298dbf63ec7eb58",EVIDENCE,3,1,3,11,0,0
"OPENJPA-2257","a2b07b18b43003f4c4cdd1872022a57c7e0fe26a",EVIDENCE,1,1,1,1,0,0
"OPENJPA-2260","ef2065122aec54bdee276b4e7f3777c94748826e",EVIDENCE,1,1,1,1,0,0
"OPENJPA-2261","e9a6d6681d59750c438ddf384e23b8f28d971085",NO_EVIDENCE,0,0,0,0,0,0
"OPENJPA-2267","fd4ca960502967429a242bbdbb51abd778346899",EVIDENCE,1,1,1,1,0,0
"OPENJPA-2269","e424097b564273b807f0637056ea244c40a125c3",EVIDENCE,1,1,1,6,0,0
"OPENJPA-228","f7770883a4e9f8f002dd2d99287903be577b2dd4",EVIDENCE,3,2,2,7,0,0
"OPENJPA-2282","af3df6bd117efa2384f81a79728a1906da766c78",EVIDENCE,2,2,2,2,0,0
"OPENJPA-2284","88cc847a1cd2d4fb4f91b88b4de5a91c4b39228e",EVIDENCE,1,1,1,4,0,0
"OPENJPA-2286","833031ba61e2d15611f23baa9294035aa95ac9f9",EVIDENCE,1,1,1,4,0,0
"OPENJPA-2287","950ae7ab766ab8121fd808374929c43a107bd30d",EVIDENCE,3,3,1,11,0,0
"OPENJPA-2288","89b44bbf6c6a3f6554b5ac7338ae841c96e17de7",EVIDENCE,2,1,2,3,0,0
"OPENJPA-2289","2d5ab5c862737cf13c6a77bee4924dd959e8b941",EVIDENCE,1,1,1,1,0,0
"OPENJPA-229","b2beaec63446c937b69de2e73d2b7acda96b1549",EVIDENCE,2,2,1,8,0,0
"OPENJPA-2298","7d897d94ce41035bd8b8d1dca47d6bebd4243e0b",EVIDENCE,1,1,1,3,0,0
"OPENJPA-230","15b0b59f25f755a96a6fdebf9d94a61e208ecbde",EVIDENCE,2,1,2,33,0,0
"OPENJPA-230","add6a29be4017c1cf670034811ab5942f756ce94",NO_EVIDENCE,0,0,0,0,1,1
"OPENJPA-2300","5faf53c036cf406fc804fa8949f4d8a919dfe813",EVIDENCE,2,1,2,5,0,0
"OPENJPA-2304","f17a08fee4571887c380e92af6fb8dd0b494560d",EVIDENCE,2,1,2,2,0,0
"OPENJPA-231","753be68e244bc14ec66807ba6457d1fa2211d9c6",EVIDENCE,1,1,1,1,0,0
"OPENJPA-2318","1896a2850ca9721c5c00f76cfedceb7441df5651",EVIDENCE,2,1,2,5,0,0
"OPENJPA-2320","0ca38be72735a1b9340a519f46f9d969b6c4bf5d",EVIDENCE,6,2,5,15,0,0
"OPENJPA-2321","5b21125f5ee4b57cb8285e874e3c9724bd6e2c4c",EVIDENCE,1,1,1,8,0,0
"OPENJPA-2325","01cae73832fd7b86848fe017e990b96ca63e25af",EVIDENCE,3,1,3,15,0,0
"OPENJPA-2326","2facc841546b58815bf31a35b02cf597d3844693",EVIDENCE,1,1,1,5,0,0
"OPENJPA-2328","fd5cc0436cfdf426304a07cf950609094b46d8f4",EVIDENCE,1,1,1,1,0,0
"OPENJPA-2330","5632d5ab0abf661ba00e903ef740efc459c6a8fb",NO_EVIDENCE,0,0,0,0,0,0
"OPENJPA-2335","7ce7e556207f545a7bd688d4d8491a3021fa3aac",EVIDENCE,1,1,1,2,0,0
"OPENJPA-2335","d13ffa5eb3ed13448f442fa7cdc293fe56ad8ae2",EVIDENCE,5,1,5,19,1,2
"OPENJPA-2336","4fbf3fc1f0a0431d29765d041e74756f319bc3fe",EVIDENCE,1,1,1,4,0,0
"OPENJPA-2341","f6ba63def5596bfe9ef9e7fb3fe84e230afeb84d",EVIDENCE,1,1,1,10,0,0
"OPENJPA-2343","bb743b5f156b08aa750305b9e1a94369f90b1a0f",EVIDENCE,5,3,4,8,0,0
"OPENJPA-2355","e966f0f51c8c00bbaddbae9398e2952643e9af09",EVIDENCE,1,1,1,3,0,0
"OPENJPA-2357","c9fa4b9bda45d0cb50274c8075a780b98b5951d4",EVIDENCE,2,1,2,4,0,0
"OPENJPA-2369","8b75df3c9bf992d5b93cb2c5f0e81470860eaa1f",EVIDENCE,1,1,1,3,0,0
"OPENJPA-237","e041fe0d4de6baebefcbc34a3ff1962212535b5b",EVIDENCE,1,1,1,1,0,0
"OPENJPA-2374","5ce1ec400e2e3d47b999ebe1347b985bdff34cd2",EVIDENCE,1,1,1,3,0,0
"OPENJPA-2377","937aad666bcf696fdd5e47c281b09e527f721881",EVIDENCE,4,2,3,14,0,0
"OPENJPA-2390","123e28821e0f7a9850ae1d08b3934502b5030429",NO_EVIDENCE,0,0,0,0,0,0
"OPENJPA-2391","c7b4e05b1e98796917b2a67ca87f582a292d13c8",EVIDENCE,1,1,1,2,0,0
"OPENJPA-24","c8ca563046840fc285b8f8d3b626882d69b1cd42",EVIDENCE,1,1,1,1,0,0
"OPENJPA-2400","1b1b60c9a7d63268dc26c1ff5dc601a352cee1c9",EVIDENCE,3,1,3,5,0,0
"OPENJPA-2400","92c4369aa18417e448ac980c0cd5de83a2b4831f",NO_EVIDENCE,0,0,0,0,1,1
"OPENJPA-2405","e406bda450a1f3b78836153a5a34882c823101b1",EVIDENCE,1,1,1,1,0,0
"OPENJPA-2409","67082453b32d1bc11309f3c45ae1ce1bb2f8e281",EVIDENCE,4,4,1,9,0,0
"OPENJPA-241","8cfa25c524d914ce02eef0df7435c8199931ff32",EVIDENCE,3,2,3,3,0,0
"OPENJPA-241","98802147f761d93873462aa6aa0038a8926ec421",NO_EVIDENCE,0,0,0,0,1,9
"OPENJPA-2414","c8e3d5dcbb664ae8f9c5a87392fc1e6204e55238",EVIDENCE,1,1,1,1,2,6
"OPENJPA-2414","ee6f4acc3ff9ac43ea4e98579b478e55767aef24",EVIDENCE,3,1,3,8,0,0
"OPENJPA-2421","2841d18dda10cd57ffbff878980d15cc869fed2c",EVIDENCE,1,1,1,1,0,0
"OPENJPA-2423","7a9815a15f13a9ea818d086fa94842a3fa3b1f95",EVIDENCE,1,1,1,1,0,0
"OPENJPA-2423","bcf46e516c7aab1b7a1412340c09d01101b96fd3",NO_EVIDENCE,0,0,0,0,1,1
"OPENJPA-2425","3b94663fe235c7254789519a3c7647a545037b98",EVIDENCE,3,1,3,7,0,0
"OPENJPA-2432","a3fccb40e3f0e3708932f13e99fc52596eac592e",EVIDENCE,1,1,1,1,0,0
"OPENJPA-2435","83dab92168a533f757bcce390661a09a595b94a2",EVIDENCE,3,1,3,5,0,0
"OPENJPA-2437","f4b2428008de297a7f993f48e1a6c98761c078f3",EVIDENCE,1,1,1,2,0,0
"OPENJPA-244","0c517d163e355f85ca40673db15a991693bc2d4a",EVIDENCE,124,83,43,350,0,0
"OPENJPA-244","5c9642d5f47c319d2279382c60141ebcb65cd3b0",EVIDENCE,35,27,17,76,11,17
"OPENJPA-244","8b5a7f68a0016e7d5b5ac9a1c913794dccdcecd7",EVIDENCE,26,22,23,246,75,315
"OPENJPA-2440","a76249e143c9d2e73e566540fc3668c8ae8a4302",EVIDENCE,3,1,3,8,0,0
"OPENJPA-2441","6d8a46e82540d035d4ba53a7760cc7edca2391af",EVIDENCE,5,5,3,34,0,0
"OPENJPA-2442","b3d7fe8829df05bf836b207ca62856c6e6e8fa82",EVIDENCE,3,2,2,6,0,0
"OPENJPA-2443","1f383374815acfaa6a2878eb3e1e55790383aab1",EVIDENCE,3,1,3,8,0,0
"OPENJPA-2443","d8395bdc5642ebfb7c44dee46993b54a8146d796",NO_EVIDENCE,0,0,0,0,1,2
"OPENJPA-2444","4551bbc69664833548429cd05beeca38d9f80e67",EVIDENCE,1,1,1,1,0,0
"OPENJPA-245","2a612c105315ff1b994a868505a65523e19690b0",NO_EVIDENCE,0,0,0,0,1,31
"OPENJPA-245","4d9a6759db880b67adf9cd233528da021524dc99",EVIDENCE,2,2,2,2,0,0
"OPENJPA-245","b589da8070870f1ed50f8c50c715962323220ed6",EVIDENCE,2,1,2,41,2,8
"OPENJPA-2463","d0a311efe0e6a5318f5755db8c3bea460f6a3f00",EVIDENCE,1,1,1,1,0,0
"OPENJPA-2467","0527c4570d0bdf444350fb12262b738ee6f61b2e",EVIDENCE,3,3,2,8,0,0
"OPENJPA-2470","bf646350eac65b7ccd9e68031c8e5bc228f5a121",EVIDENCE,2,1,2,2,0,0
"OPENJPA-2472","731649a2c91d5bdfcc572c7e2c43e5ae6c3458dd",EVIDENCE,2,1,2,7,0,0
"OPENJPA-2475","873daf3531ba9384b2500e26a3ac482b77cae38f",EVIDENCE,2,1,2,9,0,0
"OPENJPA-2476","3f33d76a34d24dee9cc16e68c1d12441ca5631c8",EVIDENCE,3,2,3,17,0,0
"OPENJPA-2478","d7dfa322d613e53ebd960541f60c2830d4d27260",EVIDENCE,1,1,1,3,0,0
"OPENJPA-248","c634dcb4d81b286fe77bc1cffdd92c811116948c",EVIDENCE,1,1,1,1,0,0
"OPENJPA-2482","51e2b70be5d42530dbb97cae436f28968c7f1182",EVIDENCE,4,1,4,10,0,0
"OPENJPA-2494","077ad2b4462cd2be819df5485d906632488d73be",EVIDENCE,1,1,1,2,0,0
"OPENJPA-2502","b95e0d1c6c2e2cc8f6f9d422058dfe232f6091d5",EVIDENCE,2,1,2,3,0,0
"OPENJPA-2505","86c478ac0750801355f256e94306d13bce9e0c65",EVIDENCE,1,1,1,2,0,0
"OPENJPA-2506","0a91a631b85b614790404896d190119d062f590f",EVIDENCE,2,1,2,52,0,0
"OPENJPA-2507","da48a0ad537df1e824471fa80c77062f77030ce4",EVIDENCE,4,1,4,8,0,0
"OPENJPA-2508","e48cd3e59d82ce352d161109987f283ecc369b66",EVIDENCE,5,1,5,26,0,0
"OPENJPA-251","18e83a09b18fde4721af69123fd4c7799bcca00e",EVIDENCE,1,1,1,7,0,0
"OPENJPA-2517","104fce25c2d9994b07987ecec93215176337ee38",EVIDENCE,2,1,2,2,0,0
"OPENJPA-2525","319bb37fe1725e998531c4e62cf9133dc42b8639",EVIDENCE,7,1,7,11,0,0
"OPENJPA-2533","08d94d75d68742fce002f65583844e5bb253b12e",EVIDENCE,5,1,5,13,0,0
"OPENJPA-2534","69f3a6e1c92d317ec35ce2740dc0407766eef599",EVIDENCE,6,1,6,19,0,0
"OPENJPA-2534","b659ac25783be780938623974195d03efb0137cd",NO_EVIDENCE,0,0,0,0,0,0
"OPENJPA-2536","8129fe685bb7788ee5cb192be39d80b0f097f01c",EVIDENCE,1,1,1,1,0,0
"OPENJPA-2539","856fefb2c835fd0e46ce7c2a362720ac7f5b714d",EVIDENCE,1,1,1,8,0,0
"OPENJPA-2542","b48106b0720d6ae199da5391aadcf3d4b40c5d13",EVIDENCE,2,1,2,6,0,0
"OPENJPA-2547","4ca9dbd7418f4193daceccf00131f0c67dedcfe5",EVIDENCE,1,1,1,1,0,0
"OPENJPA-2555","0530b5b72ba00a3014e67c9ee4c3e8bfcddabb76",NO_EVIDENCE,0,0,0,0,1,1
"OPENJPA-2555","3b4c2e6f427de1f6f1e21a9c5a0cca4e5730167e",EVIDENCE,1,1,1,1,1,1
"OPENJPA-2555","4e59c4836407382f853306dfd0ffbd14cba6e5c1",NO_EVIDENCE,0,0,0,0,1,1
"OPENJPA-2555","9461ffdfcd870b1aeadf1eab3e8181c983a595b4",EVIDENCE,9,3,8,20,0,0
"OPENJPA-2555","a7969c120bfba06b883f319788fc50ca0ef06b69",NO_EVIDENCE,0,0,0,0,4,7
"OPENJPA-2557","6591d4d464967b47185a77b1fa88a89bd4fdc8e0",EVIDENCE,1,1,1,1,0,0
"OPENJPA-256","b0cddf4e2d87d5a4f3c19d24cec89c4df4b9660d",NO_EVIDENCE,0,0,0,0,0,0
"OPENJPA-2567","9a98d6a2bf8203a1cead34d18f705e380c829cd6",EVIDENCE,16,2,15,49,0,0
"OPENJPA-2571","7b1c24e1fa855114a28a7c065039798a5a0ef704",EVIDENCE,1,1,1,1,0,0
"OPENJPA-2576","85556cb9eadeeac522860eefa8269858d196f94a",EVIDENCE,253,252,21,256,0,0
"OPENJPA-2576","fbbfc9d3245089284129dcd719c289a877867169",EVIDENCE,32,26,24,71,0,0
"OPENJPA-258","171dc5d46aeb2084b2fc2f92079033117b413ac4",EVIDENCE,1,1,1,3,1,3
"OPENJPA-258","62c8c548d90295d92e5aacd3adcdce0e785bf553",EVIDENCE,1,1,1,1,0,0
"OPENJPA-2586","e5fa4e32dfb41fe5c20ec2afe0b3397a4f81f870",NO_EVIDENCE,0,0,0,0,0,0
"OPENJPA-2596","ea1682c42511894999e7f3c155adf8b4d8785c1c",EVIDENCE,6,3,5,9,0,0
"OPENJPA-2597","72be5f17209fbe92415a2ebed59d0d25d0a3b785",NO_EVIDENCE,0,0,0,0,0,0
"OPENJPA-2600","3f040fbe1da7375a3bc1bf95acc52d6f1431918b",EVIDENCE,3,2,3,5,0,0
"OPENJPA-2600","a51d3c5c7b02af5ccb5606685d01f1785b3b79c7",EVIDENCE,4,2,2,547,0,0
"OPENJPA-2601","41c05d1bbe5f3b5c5e103ff7ae63da1fbe1b8448",EVIDENCE,1,1,1,1,0,0
"OPENJPA-2603","977ba12bfafc3de8042e93e162985d003cd6a641",EVIDENCE,1,1,1,1,0,0
"OPENJPA-2605","e98845758db72b188e9b73029266f45a8215e2de",EVIDENCE,1,1,1,3,0,0
"OPENJPA-2609","28da3eaccfb62847285dc270318dd2fc873afe6e",EVIDENCE,3,1,3,7,0,0
"OPENJPA-2614","c5b97348fcfcb77d1a0c00813bc4c18bf85140f7",EVIDENCE,3,2,3,9,0,0
"OPENJPA-2617","1dd5571047bccbd75043e7d8c7048ed88b914e03",EVIDENCE,2,2,2,2,0,0
"OPENJPA-2626","88e01d2fba1acd82e70100d001699fcb989d6ea8",NO_EVIDENCE,0,0,0,0,1,1
"OPENJPA-2626","a5788cc859181ad55354083930e2c515a35df95a",NO_EVIDENCE,0,0,0,0,0,0
"OPENJPA-2631","41827d794dc0635a71f846ecb8a213bceca4f961",EVIDENCE,4,2,3,6,0,0
"OPENJPA-2632","a453aa9f462cccb99f028426298e885c25b0cee2",EVIDENCE,1,1,1,1,0,0
"OPENJPA-2636","6955ddaea11e7c89199517ac0cceb5edc1eb368d",EVIDENCE,1,1,1,1,0,0
"OPENJPA-2640","0ac7140b82a35e8066c4b5e4765ba341a82fb410",EVIDENCE,5,3,5,8,0,0
"OPENJPA-2646","8be86a6903dcf5d6486bf5578486fdd1fd28fc4a",EVIDENCE,6,3,5,24,0,0
"OPENJPA-2646","ae4b7425274ee82ba40e000bbafcc02a2e1a2eea",NO_EVIDENCE,0,0,0,0,1,2
"OPENJPA-2648","515756b8237353b07d8fa617dc9d6f797ffddf6a",EVIDENCE,2,1,2,11,0,0
"OPENJPA-2650","68fea1a51cb8a553127ce33f38ace2e3aaa70729",EVIDENCE,1,1,1,1,0,0
"OPENJPA-2651","4afdb070427b8b3f2ac3f18c9629d9509727de20",NO_EVIDENCE,0,0,0,0,0,0
"OPENJPA-2672","be71987b9c7f14af11718351a883582843eaa4ae",EVIDENCE,1,1,1,3,0,0
"OPENJPA-2674","4068d5ccb29f65d9a09daebcd232b7c8c1a2ed5a",EVIDENCE,2,1,2,4,0,0
"OPENJPA-2675","701a4e7d2715b844f3b522400eee2024b1aac049",NO_EVIDENCE,0,0,0,0,0,0
"OPENJPA-2684","635dd436cf12d83d40f73fa2b9ac77780e085de8",EVIDENCE,2,1,2,17,0,0
"OPENJPA-2689","8567a5e5c20b8e987b3612ef75c6011e51221d83",EVIDENCE,1,1,1,3,0,0
"OPENJPA-269","058c174bef04520e4801447716b5c9203567a56f",NO_EVIDENCE,0,0,0,0,0,0
"OPENJPA-2690","49c1478cf3f107d9f7069bf2102d8cf0b6ca2b12",EVIDENCE,1,1,1,2,0,0
"OPENJPA-2704","4477ace6fde890ffb41fd10c548de2ebbe6f423c",EVIDENCE,3,2,3,9,0,0
"OPENJPA-2705","5c94a7ff67ad38f6fdcaa7a950eeb9622ff960aa",EVIDENCE,1,1,1,1,0,0
"OPENJPA-2707","2898b4e342591dc98848663caa74a9bb7fee35b4",EVIDENCE,1,1,1,1,0,0
"OPENJPA-271","9975362f1f43b4f1c7bea9d3fb02c27c03f098de",EVIDENCE,7,2,7,78,0,0
"OPENJPA-272","9382677eb148b417ae0328330e858cb6396c1a4c",EVIDENCE,2,2,1,9,0,0
"OPENJPA-2725","14d4b8007cddcbd6197404f7ad435b9b514b2859",EVIDENCE,1,1,1,2,0,0
"OPENJPA-2733","0e4ec5b392b978c4515b26c60e485f2b610de94f",EVIDENCE,10,4,10,16,2,5
"OPENJPA-2733","80736f6e9d38dfb180c89cec6cb2916341165a5c",EVIDENCE,6,2,6,6,0,0
"OPENJPA-2733","f9b59689d45fdc5615da6779ad097173e729616b",EVIDENCE,1,1,1,3,1,11
"OPENJPA-274","774e7b5b8c3a07ef01fdeb5d38f1c4bb59dda9b0",EVIDENCE,4,4,2,8,0,0
"OPENJPA-2743","ef98e1848096448ba7e60f65839d69451dfcc06d",EVIDENCE,2,2,2,2,0,0
"OPENJPA-2756","db6f6b642203d60ae1fa7576715e180c6bbe6081",EVIDENCE,1,1,1,1,0,0
"OPENJPA-2757","39bde81aa2fe6f5ac8348bf4a6a39669b67dbe7d",EVIDENCE,1,1,1,5,0,0
"OPENJPA-2761","aae0a95f6c8f38e0df18e5f538761ee502d9eb08",EVIDENCE,1,1,1,1,0,0
"OPENJPA-2768","c1d9fd3c62ab40a893749ac3338b3ed20ddd6567",EVIDENCE,8,3,6,90,0,0
"OPENJPA-2770","9e222652dff1d959a2252cf96e5abb48a11dd7fd",EVIDENCE,2,1,2,4,0,0
"OPENJPA-2771","43aa42ccb533212db9acf1a238d24172b18dc513",EVIDENCE,1,1,1,2,0,0
"OPENJPA-2772","11863ed9327c70420c2a537dafa380d3fee7b548",EVIDENCE,2,1,2,7,0,0
"OPENJPA-2777","cb20dd6b95a07fe87bf46a2c33580322d0b11cd0",EVIDENCE,8,2,7,31,0,0
"OPENJPA-278","e286a915d570b48956e93105bb84321a89659aad",EVIDENCE,2,1,2,3,0,0
"OPENJPA-2780","75999ad5d93b73d6d363364c99caac2c5e104877",EVIDENCE,2,1,2,16,0,0
"OPENJPA-2781","8c0b843f6e6e0dd86a31e485928e61f2ba4c8f29",EVIDENCE,5,1,5,6,0,0
"OPENJPA-2785","f9b59689d45fdc5615da6779ad097173e729616b",EVIDENCE,2,2,2,14,0,0
"OPENJPA-2788","00bd91cc2c858949486acb4e8063176be9a48842",EVIDENCE,4,1,4,15,0,0
"OPENJPA-2789","eb2dbec1273e52d4258ed2b183106ca8d098ed94",EVIDENCE,2,1,2,2,0,0
"OPENJPA-2795","c13f0b0e136b0c2730c769948937975a92055940",EVIDENCE,1,1,1,8,0,0
"OPENJPA-2795","f92c85314dc55c780378519c5ca6e20c8deb76e3",NO_EVIDENCE,0,0,0,0,0,0
"OPENJPA-28","bea15fff475ba4235b54925602b3ba7c53189cbf",EVIDENCE,1,1,1,2,0,0
"OPENJPA-280","124f615eb51b063bbf2856cd487d168b1da5f839",NO_EVIDENCE,0,0,0,0,1,1
"OPENJPA-280","2f5d52b7e703327cc6047b641d66e79f860c2bf0",EVIDENCE,1,1,1,1,0,0
"OPENJPA-2807","ff2a1e6c1f8655a52fa9db5a8b1e9ffe54f92f81",EVIDENCE,5,4,4,22,0,0
"OPENJPA-281","c34fb4e80ef3597fc11c72640cc80d222d1fe282",EVIDENCE,2,2,1,2,0,0
"OPENJPA-2810","2a579043550b1cc4d1e6348ff65b8bb86c861928",EVIDENCE,2,1,2,11,0,0
"OPENJPA-282","065d3e2f59afff648660be408f864eca30153054",NO_EVIDENCE,0,0,0,0,1,1
"OPENJPA-282","3fa609873b76746455b7c0355de7ac4dda52a14e",EVIDENCE,1,1,1,4,0,0
"OPENJPA-282","e959466d1dfb8749fe4a8e8c99743ce73513391c",EVIDENCE,1,1,1,4,0,0
"OPENJPA-2821","94a033d83bcab3e8f00c9927533ae9889c3d11ec",EVIDENCE,1,1,1,1,0,0
"OPENJPA-2828","f93ea15745531838caf87022424604044302e95b",EVIDENCE,1,1,1,2,0,0
"OPENJPA-2829","8dbdc143219734d3c8ab05f13fa11b791e643458",NO_EVIDENCE,0,0,0,0,0,0
"OPENJPA-2830","a38684b3231e13cef7fa6588194c68f226589d52",EVIDENCE,1,1,1,3,0,0
"OPENJPA-2832","b24a6a239cafc968ecaef4ab683495eb3fbe11e0",EVIDENCE,1,1,1,1,0,0
"OPENJPA-2834","0b68db6ba164943d8470d46fb4de326a19fc9485",EVIDENCE,1,1,1,1,1,1
"OPENJPA-2834","4a546f759cee4220495e4206abc3c0503af204fa",EVIDENCE,1,1,1,3,0,0
"OPENJPA-2834","574e226ba074dda5927623f5f1b33c009c4d1187",NO_EVIDENCE,0,0,0,0,0,0
"OPENJPA-2834","6f2692228fbc75656f34c5d1d7cc6dbe2de631ca",NO_EVIDENCE,0,0,0,0,0,0
"OPENJPA-2834","9fa619f94ecec2510d2ec560bb719eecd8f222c1",EVIDENCE,9,4,8,14,0,0
"OPENJPA-2834","bd015d02e95bd3d7c39f3b0a9bdf2cb448bedc75",EVIDENCE,1,1,1,4,0,0
"OPENJPA-284","a5d1acd44ec6f9a2a47d7fcda05bd51ae9ab9a82",EVIDENCE,1,1,1,2,0,0
"OPENJPA-2842","61b30777d4e83646325006175f918d9fb2ef45c9",EVIDENCE,2,1,2,9,0,0
"OPENJPA-2843","b29976342c912ca5db47ef529cba025b3fe18430",NO_EVIDENCE,0,0,0,0,1,1
"OPENJPA-2843","eef64ccd69c48ba8c7193509f6f621c6315bc74e",EVIDENCE,2,1,2,13,0,0
"OPENJPA-2848","c7c13d3e8be25512b0e9451f5bbe3706a07c7206",EVIDENCE,2,1,2,3,0,0
"OPENJPA-2849","1a8bcfb6b1bd08d3f0158c023307c3cea2512d98",EVIDENCE,2,2,2,3,0,0
"OPENJPA-2849","25af7c35ee04fd198e95a5e3767530852a432ee6",NO_EVIDENCE,0,0,0,0,0,0
"OPENJPA-2849","72df0228cab9637e23b4a7a3aa90b7e11b0fd7cf",EVIDENCE,6,1,6,23,0,0
"OPENJPA-285","f61968f30255063c02971f041a0111e5dcf84220",EVIDENCE,1,1,1,2,0,0
"OPENJPA-2850","8283ea0fb2d455118c133540ef7f2bea4ae597cd",NO_EVIDENCE,0,0,0,0,0,0
"OPENJPA-2851","6db4db7f512e67b7ea1e3aeb124a4e0343df79d8",EVIDENCE,1,1,1,1,0,0
"OPENJPA-2851","76225267d90f9abe559dc63a7f5f74a1aa5bcd93",NO_EVIDENCE,0,0,0,0,1,5
"OPENJPA-2854","c3bbb92557743928d045e1061360f3bfd48b182e",NO_EVIDENCE,0,0,0,0,0,0
"OPENJPA-2855","2a3fc7386182ce7e4a6ace5b8f5a926766e53041",EVIDENCE,2,1,2,4,0,0
"OPENJPA-2856","ab8090f5566c68fd3d46600158527de14ce622f2",NO_EVIDENCE,0,0,0,0,0,0
"OPENJPA-2857","8d3acdc11ef04890718fc8e6d24063daa254ebfe",EVIDENCE,1,1,1,1,0,0
"OPENJPA-2858","7f92be5e2bfbee3c2213f8d2609e9f619647d39f",EVIDENCE,1,1,1,1,0,0
"OPENJPA-2859","1c30090c8c611843860ff83be862e22cbcf46cee",EVIDENCE,2,1,2,2,0,0
"OPENJPA-2860","044c7d27b1e787509d00837443511a9f76cbf6dc",EVIDENCE,4,2,4,7,0,0
"OPENJPA-2861","0fc957a02be3c4ad2f862f1424e56717b0887917",EVIDENCE,15,2,14,36,0,0
"OPENJPA-2862","5fd5de9fb8931548f98888abc2d577a4aea341ad",EVIDENCE,1,1,1,5,0,0
"OPENJPA-2863","683e78045cba80703154207a96e5935d64a076e1",NO_EVIDENCE,0,0,0,0,0,0
"OPENJPA-2864","a68835381e0975aa1c75cd381e5e37d63b1d0db1",EVIDENCE,1,1,1,1,0,0
"OPENJPA-2865","59a8586855b23cc38cf0c79c4ab050f9f1de7bfd",EVIDENCE,2,1,2,13,0,0
"OPENJPA-2865","8e18fdbbbc29f39764f969168dcec58583721f39",EVIDENCE,3,2,2,4,0,0
"OPENJPA-2866","d6a64bebcd275c1af8e9b9eebeb7ac741321c433",NO_EVIDENCE,0,0,0,0,0,0
"OPENJPA-287","1c9f0ae0ae9c4861d9f0181b3f0174dffb7eb87a",EVIDENCE,1,1,1,2,0,0
"OPENJPA-2876","c6f42826b72940aa771a394d42173b2f7fec0428",EVIDENCE,6,3,5,33,0,0
"OPENJPA-2877","116eda990351130f70ec384c182efecd36b26977",EVIDENCE,6,2,6,64,0,0
"OPENJPA-2877","8ff3dff49b4754205315df0d144e2e9da1fe6880",NO_EVIDENCE,0,0,0,0,1,2
"OPENJPA-2877","a0e40795ff786ca74d2f63b9f5956332c0114856",NO_EVIDENCE,0,0,0,0,1,2
"OPENJPA-2877","d698ccaf00ccffd2a15430363885dafbe5a66ae9",NO_EVIDENCE,0,0,0,0,1,4
"OPENJPA-288","99950ad3ff9d4d9adbf104dab04f3a3e036e384f",EVIDENCE,1,1,1,1,0,0
"OPENJPA-2882","30c443dcc32fdc43b75431c9579f8ca415421d17",EVIDENCE,1,1,1,1,0,0
"OPENJPA-2883","9113461cb98d2c608ad6cf4d703521a1d1780fec",EVIDENCE,1,1,1,4,0,0
"OPENJPA-2883","e9f3f9cdfcbb6479e02a477730debb320e5e5dbe",EVIDENCE,1,1,1,8,0,0
"OPENJPA-2891","ad5f05112a06dbd0592f4bd158900037e32f2ccd",NO_EVIDENCE,0,0,0,0,1,13
"OPENJPA-2891","fe423839f134be2d6a13fcbc3e4d91961b869340",EVIDENCE,3,1,3,5,0,0
"OPENJPA-2898","23e0fa8d650c991d7a3b0974d2bc361320a2fcbf",EVIDENCE,8,2,6,10,0,0
"OPENJPA-2898","63f631d78ddf4070f12e0a4bd18385c8784796ce",EVIDENCE,1,1,1,1,0,0
"OPENJPA-2915","33372a718ef48243f7774af43c4172d8407dfe18",EVIDENCE,1,1,1,1,0,0
"OPENJPA-2923","c3fff2cb0ff71a14ed5e2e3eb8242b2fc950db4e",EVIDENCE,2,1,2,5,0,0
"OPENJPA-2925","f2520c06dd23b50f6b6a5d9a1e9e004176d2ae81",EVIDENCE,1,1,1,1,0,0
"OPENJPA-2928","c16c8348a0d7a3da6da3a2c2774631a5359e6241",NO_EVIDENCE,0,0,0,0,0,0
"OPENJPA-2930","6f4cf5b11b5bc5ffa0da1925260cdb7fbf7b8fe5",EVIDENCE,2,2,2,4,0,0
"OPENJPA-2932","4cc3050998afbdf8d59d5e96ccc9ff0580ee07ff",EVIDENCE,4,3,4,51,0,0
"OPENJPA-2933","141bcd6e8e61486a4f1d653ec040c6bdc7976745",EVIDENCE,2,2,2,8,0,0
"OPENJPA-2936","3c2bae980d3c79eb1e664d54218c9f0d0fdf20a5",EVIDENCE,2,1,2,3,0,0
"OPENJPA-295","4150e7f566680cf07ab70a58faa6b12f26b6574a",EVIDENCE,10,9,5,18,0,0
"OPENJPA-303","a1d28857fa6cff6a6374b5f10d747b8538af9cdf",EVIDENCE,1,1,1,1,0,0
"OPENJPA-304","872d00888d786f97f027946f59cd9c1962487fec",EVIDENCE,3,3,2,13,0,0
"OPENJPA-308","d5ef5d1f3db5251683f1888da5353fb765584fe2",NO_EVIDENCE,0,0,0,0,0,0
"OPENJPA-311","99ecf9564bc9f260bde9f702b2a79b121414345a",EVIDENCE,1,1,1,6,0,0
"OPENJPA-312","88f293dec94ee995603f7c4b895cc26bffb0ac67",EVIDENCE,1,1,1,23,0,0
"OPENJPA-313","26b0e498455ffc4062ff4d06feec1d18ea560572",EVIDENCE,1,1,1,2,0,0
"OPENJPA-313","4e81825171676204c7e3ccaeaddbf679f0c5a590",NO_EVIDENCE,0,0,0,0,1,28
"OPENJPA-313","c014c925382f115e067fb9265d9c49f96aaf17f9",NO_EVIDENCE,0,0,0,0,1,2
"OPENJPA-314","8dd6857f67991d646727bfd3597d8b5b9b03d69f",EVIDENCE,3,2,3,8,0,0
"OPENJPA-315","8dd6857f67991d646727bfd3597d8b5b9b03d69f",EVIDENCE,3,2,3,8,0,0
"OPENJPA-320","71f44f884e20bc6b08e339115bf14dc09a1ee8e5",EVIDENCE,1,1,1,1,0,0
"OPENJPA-321","52d7ab797565c7b182a87128eb0a484a7e9237a7",NO_EVIDENCE,0,0,0,0,1,2
"OPENJPA-321","eaeebf20c7e89466748e4c872a6c15a732351382",EVIDENCE,8,7,3,9,0,0
"OPENJPA-326","071a9abbbbf852ddd8fbba083d2b139e4b340dc4",NO_EVIDENCE,0,0,0,0,0,0
"OPENJPA-329","18e83a09b18fde4721af69123fd4c7799bcca00e",EVIDENCE,1,1,1,7,0,0
"OPENJPA-331","008b249c241dae1cc91a2c74f0621afc8947a5fa",EVIDENCE,2,2,2,3,0,0
"OPENJPA-331","69ee1ce7f0f6b819a38128ffeddbb5c235942af9",NO_EVIDENCE,0,0,0,0,2,28
"OPENJPA-335","809cb370030c72970ed499c3003aa5400b3a276e",EVIDENCE,1,1,1,1,0,0
"OPENJPA-339","4dae2231cc3253d8d98590476d839500268584f8",EVIDENCE,3,2,3,6,0,0
"OPENJPA-339","62b3725596582caa622cd068de3f28a6bd8fa976",EVIDENCE,5,5,4,11,0,0
"OPENJPA-340","54d1a24320ffae8bada3281bf28d28490de284c3",NO_EVIDENCE,0,0,0,0,2,30
"OPENJPA-340","6868b1cc4a104a7224510ad5be5869372ffbe80c",EVIDENCE,2,2,1,5,4,19
"OPENJPA-340","9d40841d48636bff9246b2ddc6fb3005dd8c9374",EVIDENCE,2,1,2,10,3,48
"OPENJPA-340","ff4a96e707337123c3e94ba641b504101dd05c79",EVIDENCE,21,11,10,105,0,0
"OPENJPA-343","8500feee82da1dadbc37833ce22aa2626bbe8828",EVIDENCE,1,1,1,1,0,0
"OPENJPA-346","a7777cb075dc6b6dc58d25562e772346d3209a8a",EVIDENCE,2,1,2,7,0,0
"OPENJPA-347","5affd1274fc1e236e34612d9164a4a916c71f131",EVIDENCE,1,1,1,1,0,0
"OPENJPA-349","6e3aca63ec90da0198073a1697a556dbe493cbc2",EVIDENCE,1,1,1,1,0,0
"OPENJPA-35","853fb319ba81e2ad589ac6a7ce47b45de0a2749d",EVIDENCE,1,1,1,9,0,0
"OPENJPA-353","caa4b76fe246bebf47ada251d5e84e0ada35b2bb",EVIDENCE,1,1,1,1,0,0
"OPENJPA-355","7d9724ac004489042af95932629ecb152033c34a",EVIDENCE,1,1,1,5,0,0
"OPENJPA-356","a3a74cc233a91b442857d81b00c78e5b86e799de",EVIDENCE,3,2,3,9,0,0
"OPENJPA-357","6d5fe3bb8ada4d0aceb5d6221140637dc60ab47d",EVIDENCE,3,2,2,12,0,0
"OPENJPA-357","7c07cc6d1da3313455114ffe00b120ab8d1a2ba6",EVIDENCE,1,1,1,2,1,1
"OPENJPA-357","8d161ff99e1e4f1f0bfa4b2c5e590abc590df42d",NO_EVIDENCE,0,0,0,0,1,2
"OPENJPA-358","6d5fe3bb8ada4d0aceb5d6221140637dc60ab47d",EVIDENCE,3,2,2,12,0,0
"OPENJPA-358","7c07cc6d1da3313455114ffe00b120ab8d1a2ba6",EVIDENCE,1,1,1,2,1,1
"OPENJPA-358","8d161ff99e1e4f1f0bfa4b2c5e590abc590df42d",NO_EVIDENCE,0,0,0,0,1,2
"OPENJPA-359","c4af04617ebb18551f6cf57e80b798e110da18a6",EVIDENCE,1,1,1,1,0,0
"OPENJPA-360","5e590a951ee9a24d3c019f8eb67ced2d819261a0",EVIDENCE,5,1,5,6,2,6
"OPENJPA-360","a4bf964c089bb70e48abb4d78f35327317264c49",EVIDENCE,9,2,8,31,0,0
"OPENJPA-361","3d8748c427a095b896ce1ecfca0b5ab91b34617e",EVIDENCE,1,1,1,1,0,0
"OPENJPA-363","1242abf2d5464c4048fdb62a17f7cee12c190798",EVIDENCE,1,1,1,1,0,0
"OPENJPA-365","2988f75fc32af9baf16c1978782dfed6dcc37076",NO_EVIDENCE,0,0,0,0,0,0
"OPENJPA-366","03d19774c2c6a63b49a3b95f5b3095af146015b3",EVIDENCE,1,1,1,1,0,0
"OPENJPA-367","884d6b5460be23e12f82f29501f07b5b771e012d",EVIDENCE,1,1,1,1,0,0
"OPENJPA-368","5ef181ab94a302d439ef4e406fcdda7785a57048",EVIDENCE,1,1,1,5,0,0
"OPENJPA-369","7524219f6a3291c382287b41db5dcd72cb35a995",EVIDENCE,13,7,10,30,0,0
"OPENJPA-369","bb527a1e882b9aff495a02b14a31231651487ef6",EVIDENCE,7,3,3,16,6,81
"OPENJPA-375","ac83668ffa1941c8534cf6417391af4cdb70cab5",NO_EVIDENCE,0,0,0,0,1,1
"OPENJPA-375","c0cf40564898fbf464b6782e674aa26ea4031182",NO_EVIDENCE,0,0,0,0,0,0
"OPENJPA-378","5b67b240f1d53eae36fba27611c501003cf700a7",EVIDENCE,1,1,1,7,0,0
"OPENJPA-378","5d4d50df96e29335937e5fb12df0b6787d5c525e",EVIDENCE,3,2,3,9,0,0
"OPENJPA-379","91917c406cd68298a501a2eea1605fdc4e8c73e2",EVIDENCE,1,1,1,1,0,0
"OPENJPA-380","89b030c3d17855b38301bc84934d82bcc32b0ad1",EVIDENCE,2,1,2,3,0,0
"OPENJPA-382","12840cafbf0b0ebe84c5d8fb76b38b4b1e543fce",EVIDENCE,1,1,1,3,0,0
"OPENJPA-385","6f43ce7d40f545a2fd88f0feb752aab16985157c",EVIDENCE,2,2,2,3,0,0
"OPENJPA-386","f06d862ec60cd1ab679152e0c7c6588c3b6282e1",EVIDENCE,1,1,1,1,0,0
"OPENJPA-387","5a48e90100e6fdaa4cee76a1a927679cba0eefd7",EVIDENCE,1,1,1,23,0,0
"OPENJPA-388","a92418ddd6d486cff60d3c377dda16149ca2297c",EVIDENCE,1,1,1,2,0,0
"OPENJPA-389","fab1a92046f60999aa6428f2f27a9fdf1056bba4",NO_EVIDENCE,0,0,0,0,0,0
"OPENJPA-392","22e5530d0c819cfdc15e629d3c92657c8ed992dc",EVIDENCE,1,1,1,4,0,0
"OPENJPA-395","4fb0c28dc295eb9318fbf8f6c5f664e315f40b79",EVIDENCE,1,1,1,3,0,0
"OPENJPA-396","a1fb5b7f72e7947c30570b44feb6e0b9934d60d7",NO_EVIDENCE,0,0,0,0,0,0
"OPENJPA-397","8c6e31a1d98955516d9d66e292a186069cf1b13d",EVIDENCE,1,1,1,1,0,0
"OPENJPA-399","151cf2d034e904110ac1d19747319034943753de",EVIDENCE,5,5,1,35,0,0
"OPENJPA-399","2d6fbb5d13861f3b2f28fbd2ad7b604a19c96904",NO_EVIDENCE,0,0,0,0,0,0
"OPENJPA-399","6a26ae253154f94e39fbc686f636d8fb4a47d08c",NO_EVIDENCE,0,0,0,0,1,7
"OPENJPA-399","a20d36c121387f0e2036069bbcf6a4458d3849f1",EVIDENCE,3,3,2,6,0,0
"OPENJPA-401","31e436df3c015ff70a0ba4fa8e0ec493e4cef358",EVIDENCE,1,1,1,1,0,0
"OPENJPA-401","5472692b411e87032a95e60ea0833b35b94695a0",NO_EVIDENCE,0,0,0,0,1,1
"OPENJPA-401","b92f6420af0222aa71877aa737d3456f000bb409",EVIDENCE,4,1,4,6,1,1
"OPENJPA-402","cc5e5a36fa28670e6e6bb1a74eae359a2c6cd8ab",EVIDENCE,1,1,1,1,0,0
"OPENJPA-403","09c894a368c7956e2490eeadc2002a6612ebbe8e",EVIDENCE,1,1,1,1,0,0
"OPENJPA-410","ba6274a19e6255e384c27a0d6cf9ffe5290beec0",EVIDENCE,1,1,1,2,0,0
"OPENJPA-413","b50c73f35711d2d965dfa4fe9918f14504d628b7",EVIDENCE,3,2,2,8,0,0
"OPENJPA-415","1af3d93ca73f0b315d11229dab94709c235e164d",EVIDENCE,1,1,1,5,0,0
"OPENJPA-416","9e5cc06fcb99006eea60d88c91451b2ea86331ca",EVIDENCE,1,1,1,2,0,0
"OPENJPA-419","e487d35da68bc0332546d1a16f0cdc9e9baa64f0",EVIDENCE,1,1,1,1,0,0
"OPENJPA-42","25e80a994e6e50afb0e146066cf6e0185e4b8af7",EVIDENCE,1,1,1,2,0,0
"OPENJPA-420","64d0ea816673b6f36f88c363891ecb2136993dda",EVIDENCE,1,1,1,8,0,0
"OPENJPA-421","2f2e39991d5c6485183d03c3d1051f4fb5ce0ee9",NO_EVIDENCE,0,0,0,0,0,0
"OPENJPA-422","ddd0791346cfdce3612e60608d35e5c952deb898",NO_EVIDENCE,0,0,0,0,0,0
"OPENJPA-423","80d2c39020e4aa201d1bc066db6d97044863e1a1",EVIDENCE,4,3,3,6,0,0
"OPENJPA-427","4a8d0b798b2b292f9a8a5c234dd446b566cb7274",NO_EVIDENCE,0,0,0,0,0,0
"OPENJPA-428","4f930b1c29d0dc2502e640e97ea5c0bce03b8086",EVIDENCE,1,1,1,4,0,0
"OPENJPA-437","2a45dc5929232f897d20240d2891836dabff020d",EVIDENCE,1,1,1,4,1,7
"OPENJPA-437","37c4e9148a7c6246c339a8b87285b686a8d812ae",EVIDENCE,1,1,1,1,1,1
"OPENJPA-437","78f5a95b2b21290f26e467de86bc97db483ee52c",EVIDENCE,2,1,2,2,1,1
"OPENJPA-437","7f797f0226382b919e7353060d108d9e519e90dc",EVIDENCE,1,1,1,2,0,0
"OPENJPA-437","badc4b924fb4f3632b2d74439b9ee0b5904ef962",NO_EVIDENCE,0,0,0,0,2,2
"OPENJPA-439","80269d0f1932a57779128c7c3c9432a646bebd94",EVIDENCE,4,1,4,23,0,0
"OPENJPA-44","9174b3f1742e0d17eeaa874690cf2dca2752b97d",EVIDENCE,2,1,2,5,0,0
"OPENJPA-442","016f0bf61ecbfcacbbfe94a7bf5f3754440f7245",EVIDENCE,1,1,1,1,0,0
"OPENJPA-442","a35b53b27f1ad9b72ac2ae715031f5dfccd9b1e9",EVIDENCE,1,1,1,2,0,0
"OPENJPA-446","e1dccc1872e9fa517851e54dccd5d6e264c5caba",EVIDENCE,1,1,1,1,0,0
"OPENJPA-447","d4e978f5aeb420aa295a166e0f35770e5b181932",EVIDENCE,5,5,2,5,0,0
"OPENJPA-455","55720f220bb769a21cb3161f240a9f7937d27dd6",EVIDENCE,1,1,1,12,0,0
"OPENJPA-456","45eb530812221b3e2b0a4d095a703ea4b95a6f2a",EVIDENCE,1,1,1,2,0,0
"OPENJPA-456","e503930afa3b607e55818d38f11ff9205553807a",NO_EVIDENCE,0,0,0,0,0,0
"OPENJPA-458","2ed656a2a0bdf6bc719fab7d7870974fbe8b1fbc",NO_EVIDENCE,0,0,0,0,0,0
"OPENJPA-458","a8e0dc180e8b360c4e72eca7c131b2826eceaedd",EVIDENCE,7,4,4,92,0,0
"OPENJPA-459","123e0b61202ec1cfd6632736954bd80d65d3f8b3",NO_EVIDENCE,0,0,0,0,1,9
"OPENJPA-459","70fc46f93eab6364e8062cc857ae27dafbc3449f",EVIDENCE,1,1,1,1,0,0
"OPENJPA-460","d3fb4cabf89d9c80054a481cc6679158be665402",EVIDENCE,1,1,1,1,0,0
"OPENJPA-462","38f41d870ee28de236a4bde5fa5331c04771eebf",NO_EVIDENCE,0,0,0,0,1,1
"OPENJPA-462","a54f84262450b1cafe497ed0b058f1e9bd5f31bc",EVIDENCE,2,2,1,5,0,0
"OPENJPA-464","81cb7e17f98946e4455e055f075d958900c2f576",NO_EVIDENCE,0,0,0,0,0,0
"OPENJPA-464","8d18daabd722e39dae258ab33f74c561b4965496",EVIDENCE,1,1,1,1,0,0
"OPENJPA-466","13819e01f7d57a59ebc945e4bd33b4b4882863bf",EVIDENCE,1,1,1,2,1,3
"OPENJPA-466","47173558ef9f0a570e931c2d6d1e395f4bbf688d",NO_EVIDENCE,0,0,0,0,1,1
"OPENJPA-466","679989fd16a96bd9f94c0a68face0374dfaa2b44",EVIDENCE,1,1,1,1,0,0
"OPENJPA-470","ab88266f2aa9f0a95baa64f264efeb3ff79665b2",EVIDENCE,3,1,3,3,0,0
"OPENJPA-471","0d3bc96fcb3ce692bf088c5cab91cfa309013a32",NO_EVIDENCE,0,0,0,0,0,0
"OPENJPA-481","d4a2929a579f5a484ee5893330bb88cc64464aa0",EVIDENCE,19,11,10,52,0,0
"OPENJPA-484","6bb87e620310fbd6be0493485dca9e9bc910985c",EVIDENCE,2,2,1,3,0,0
"OPENJPA-485","8cb82a6f330d3fb6032750fc94236ffaa43ad01a",EVIDENCE,1,1,1,1,0,0
"OPENJPA-485","b683569de095f7e9d24606816f5d09d88e12f3e2",EVIDENCE,1,1,1,9,1,2
"OPENJPA-489","206f0f04e1d6d28b7a1a8c7166bf7e5e366b5dde",NO_EVIDENCE,0,0,0,0,1,3
"OPENJPA-489","8c4cf9511edfc1a505ae639204b14f06a12ce739",EVIDENCE,10,8,4,106,0,0
"OPENJPA-495","240d356314bb8662101ac87c1e2e97ebf829c4b2",EVIDENCE,1,1,1,1,0,0
"OPENJPA-497","45651cee86e2b0fd09d9ba131c25b5f668c0412d",EVIDENCE,18,1,18,532,0,0
"OPENJPA-497","b683569de095f7e9d24606816f5d09d88e12f3e2",EVIDENCE,1,1,1,2,1,9
"OPENJPA-498","92d1334e52ad95bc637260eb60b32b03598e61b8",EVIDENCE,1,1,1,2,0,0
"OPENJPA-505","0b4ce34920fbf2fb358447bd1aa209d03098b8f3",EVIDENCE,1,1,1,2,0,0
"OPENJPA-505","70f3a94b36c3fc63924dd0748513023fd8372faa",EVIDENCE,1,1,1,1,1,7
"OPENJPA-506","3f439edc57637940063ce9c72a1c528587e165ff",EVIDENCE,1,1,1,4,0,0
"OPENJPA-506","a747db9443a0408c58221d36ce9c6103e8010be2",EVIDENCE,4,4,4,11,0,0
"OPENJPA-508","18c90bbd0be9031ca3f32f0f19c2c48221c3834f",EVIDENCE,1,1,1,2,0,0
"OPENJPA-509","024faa31d75a55a619b1e59ff40b7523c24c4c84",EVIDENCE,1,1,1,1,0,0
"OPENJPA-51","23beb964c591d2c6dac0a3f3b7828fcfcfcc67b8",NO_EVIDENCE,0,0,0,0,2,28
"OPENJPA-51","89695ec253f59efcafe9aafb2d14afb6f6fc2edb",NO_EVIDENCE,0,0,0,0,1,2
"OPENJPA-51","a044af3287e0ec164de9d0b6841998369860045f",NO_EVIDENCE,0,0,0,0,1,3
"OPENJPA-51","b2812a4cce25e17a52519036f3a7a66298a4d1ef",NO_EVIDENCE,0,0,0,0,1,2
"OPENJPA-51","be91d228c537529c5bb7a9681a083b2e422ce0e5",NO_EVIDENCE,0,0,0,0,1,7
"OPENJPA-51","d5d214c1821cb78f4bf644cf0c1fe2d5cb092f69",EVIDENCE,1,1,1,7,0,0
"OPENJPA-511","0033a6b3d97a468fe7c08a6cb46a66fdd57a0da3",EVIDENCE,2,2,2,3,0,0
"OPENJPA-516","caa400cbb335869941d547038008b23f6a7769d5",EVIDENCE,1,1,1,1,0,0
"OPENJPA-518","ec7bd83e1afb1f08ff8f809331526c5186f61b62",EVIDENCE,2,1,2,3,0,0
"OPENJPA-525","56ae0ae6ae48cd07156cb6c9e4048ad62df823cd",EVIDENCE,2,2,1,6,1,4
"OPENJPA-525","6303e9a753e205f16612bcd92ee7685446d849c9",EVIDENCE,1,1,1,3,1,2
"OPENJPA-525","636bd5f2135cfeb387e7a534f2e134eb58be16b9",EVIDENCE,1,1,1,1,0,0
"OPENJPA-526","833520766fb60b735687ad60f1564c76d04edf1c",EVIDENCE,4,4,2,4,0,0
"OPENJPA-528","831bd55051cccfaad51dde9923e19584d236062f",EVIDENCE,3,2,3,5,1,1
"OPENJPA-528","a4600fbe98636abf2f72904852008ea09b8793bc",EVIDENCE,2,1,2,2,0,0
"OPENJPA-528","ca9828726d333c043d4a3a97d5276f97591077c2",NO_EVIDENCE,0,0,0,0,1,2
"OPENJPA-530","64402ea7daab354dbffa85e029dc7df739c1df66",EVIDENCE,7,4,6,213,0,0
"OPENJPA-530","f67ace749ae8e55cd9dc85b5c989353ea4b05899",EVIDENCE,1,1,1,1,0,0
"OPENJPA-532","ba5d11b43b0d6182812998c347a94d4af768c6fe",EVIDENCE,1,1,1,10,0,0
"OPENJPA-533","f62ea1ab0d2922377368ca5d31bbcbea57ecbc3c",EVIDENCE,3,3,2,3,0,0
"OPENJPA-535","d93ac261adc022453b16d2879805057fd6205773",EVIDENCE,2,2,2,4,0,0
"OPENJPA-536","18a3db781b0e3275f83f9cd4b014c06f8f43af47",EVIDENCE,8,7,6,35,1,21
"OPENJPA-536","999ce2e670eef2def0a0b89f4bb62dbe74b6a4fa",NO_EVIDENCE,0,0,0,0,0,0
"OPENJPA-539","57ca9afbdd20903f4fab7d14f876f34d6f911e85",EVIDENCE,2,2,1,2,0,0
"OPENJPA-540","6af619cd891e793efe4c239f4e4815b89d119d49",EVIDENCE,1,1,1,9,0,0
"OPENJPA-542","2d0a3c91578d9994dca0204abcb463e9fa548828",EVIDENCE,1,1,1,4,0,0
"OPENJPA-542","fe45f77f038d058b28c4b667cf91e4e13161489f",EVIDENCE,2,2,2,4,1,2
"OPENJPA-543","9dadffffc19228783088509e22c2d42181d02295",EVIDENCE,3,1,3,5,0,0
"OPENJPA-547","50b81e6d7706d8f28aab8110086b1d7f114c1b45",EVIDENCE,4,3,3,8,0,0
"OPENJPA-552","ee8155bb60ddfdc94e94b8973455c599072a6c27",EVIDENCE,1,1,1,6,0,0
"OPENJPA-554","9c19356c7c2b5690c8b487b4ee05ba92297847c4",EVIDENCE,3,2,2,4,0,0
"OPENJPA-557","fb7ab1908bfb6afe560f094ab70b9de860280ed0",EVIDENCE,1,1,1,2,0,0
"OPENJPA-559","1b5aac791d776726ada8fdc6b39ec71d13262f3e",NO_EVIDENCE,0,0,0,0,0,0
"OPENJPA-559","8c756bf65566e8ed69794a03c10716b1c3d83350",NO_EVIDENCE,0,0,0,0,1,1
"OPENJPA-562","18a3db781b0e3275f83f9cd4b014c06f8f43af47",EVIDENCE,9,7,7,56,0,0
"OPENJPA-565","5196ae0bc27d4d50ef468aa9b5334155c89a8dcb",EVIDENCE,1,1,1,2,0,0
"OPENJPA-567","d78e76aa5addbfdfa92fa5fc93142c325c250ab1",EVIDENCE,1,1,1,1,0,0
"OPENJPA-574","72df500c6e4eb583bfc5dd826c7c343a800b8be2",EVIDENCE,1,1,1,3,2,4
"OPENJPA-574","93e15d846c2338b979d8a08408bce95c31c4598f",NO_EVIDENCE,0,0,0,0,1,1
"OPENJPA-574","956065baa001a4c69149d666566e9343d173b4c7",NO_EVIDENCE,0,0,0,0,1,1
"OPENJPA-574","b585833c0c69866d50fbc8edb441ae2364a50df6",NO_EVIDENCE,0,0,0,0,1,2
"OPENJPA-574","b796e1710f4572bee7e20f8e7c2851205ddbb8b2",EVIDENCE,1,1,1,4,0,0
"OPENJPA-574","dcada1323742967f4e066cc88ac1d9ed46f16102",EVIDENCE,1,1,1,1,0,0
"OPENJPA-576","18a3db781b0e3275f83f9cd4b014c06f8f43af47",EVIDENCE,9,7,7,56,0,0
"OPENJPA-577","18a3db781b0e3275f83f9cd4b014c06f8f43af47",EVIDENCE,9,7,7,56,0,0
"OPENJPA-579","547438ed18be883a33b5b8175ca0e72a8225c64c",EVIDENCE,4,4,3,6,0,0
"OPENJPA-580","ea9378fc9646f9fe771ace35fc2d8cbb0d88bc56",EVIDENCE,1,1,1,2,0,0
"OPENJPA-581","37cb4af35de27c75ac6f5acffaed0f1ba82cc12f",EVIDENCE,4,2,4,6,0,0
"OPENJPA-585","547438ed18be883a33b5b8175ca0e72a8225c64c",EVIDENCE,4,4,3,6,0,0
"OPENJPA-586","33e094c6f1aa4e900bd5a149f8b1d718640d9c1b",EVIDENCE,1,1,1,1,0,0
"OPENJPA-587","547438ed18be883a33b5b8175ca0e72a8225c64c",EVIDENCE,4,4,3,6,0,0
"OPENJPA-588","547438ed18be883a33b5b8175ca0e72a8225c64c",EVIDENCE,4,4,3,6,0,0
"OPENJPA-589","31870894320c738e8d7776382892305d9b99b94d",EVIDENCE,1,1,1,7,0,0
"OPENJPA-590","63850bed0bf56ae1a6527cdf8efc8890cbeadbef",EVIDENCE,2,2,2,2,0,0
"OPENJPA-590","efcc2577a608e944098c4aa727f4d4b0f5867585",EVIDENCE,2,2,2,5,0,0
"OPENJPA-594","df0902d4cf600a5abf4172fa86e5b4d397e7aa6a",EVIDENCE,1,1,1,3,0,0
"OPENJPA-595","01e08029e93ceb75f24297fc3471f3afe299620d",NO_EVIDENCE,0,0,0,0,1,1
"OPENJPA-595","3f9dcdbb761fa29847e028db7cc6309966028659",EVIDENCE,2,1,2,2,0,0
"OPENJPA-596","b3f87ba1ec0288c6b6dabf2c15c2a8c5c66f9cc9",EVIDENCE,1,1,1,1,0,0
"OPENJPA-597","629977fb1c2a25ba7ce2dd38fe0062866f73b48f",EVIDENCE,1,1,1,2,0,0
"OPENJPA-60","7baaaf4b760248e0e5fdf63903b00f15a4485f78",EVIDENCE,1,1,1,6,0,0
"OPENJPA-602","63c48992274fce84b2c08bf8bbe6df024736557c",EVIDENCE,1,1,1,3,0,0
"OPENJPA-605","99a69bef3315bc0434be8a54281b3f1802fbe6f8",NO_EVIDENCE,0,0,0,0,0,0
"OPENJPA-605","b2bd03567df6a5f3b936f65288bd84df9ebeca97",EVIDENCE,1,1,1,1,1,14
"OPENJPA-606","689eec175b9b0743785fec5db31cada6bd1fea59",EVIDENCE,3,1,3,8,0,0
"OPENJPA-606","81fc3ab6051257667d115e120de98ed650d4d54d",NO_EVIDENCE,0,0,0,0,0,0
"OPENJPA-606","8a56c75597fbc4d7ff1291e1a7ab9947053b6180",NO_EVIDENCE,0,0,0,0,1,2
"OPENJPA-607","47f681a7b504c0a5ebed6e7bce44bcd1f7d236ae",EVIDENCE,5,4,2,19,0,0
"OPENJPA-61","e65f53b43de6707db3515c17daa40a9103a558aa",NO_EVIDENCE,0,0,0,0,0,0
"OPENJPA-612","dbbd1236f235a86f672b3f21bedaf2ee5672b34c",EVIDENCE,29,5,16,1171,0,0
"OPENJPA-612","faa0f26cddae6869271257634c6b5b74689fc345",EVIDENCE,7,7,1,7,1,83
"OPENJPA-614","2d217257d9a6e169d8ea1aea9e2f906192d16784",NO_EVIDENCE,0,0,0,0,0,0
"OPENJPA-617","48b1fb5a370ea5969116332cb486c95e4934c77d",EVIDENCE,4,4,3,4,0,0
"OPENJPA-617","93417f99e370124cf2e4dfc5a8988b14ae061eaf",EVIDENCE,4,3,4,14,0,0
"OPENJPA-617","d1aa6a2c48ad00711befb7d237a435ddd1c3973a",NO_EVIDENCE,0,0,0,0,1,1
"OPENJPA-622","8a80d753a31e71ce07f24e7069b7ff5e71e30c03",EVIDENCE,5,3,4,29,0,0
"OPENJPA-625","e00c6e8f80434fd07b1dd438780cb3d964303392",EVIDENCE,1,1,1,2,0,0
"OPENJPA-628","e41e1dd9761c718861e69afd2c44e85da02daa7d",EVIDENCE,1,1,1,5,0,0
"OPENJPA-629","a4d905f3455ee6b6f2a594baf1961cc73234fffe",NO_EVIDENCE,0,0,0,0,1,2
"OPENJPA-629","ffbc73ffa6d85735666fd0ec98ae30f418d42d93",EVIDENCE,1,1,1,1,0,0
"OPENJPA-630","110e3ff4b02aa1482d3f0e931539bbf616b006bc",EVIDENCE,1,1,1,1,0,0
"OPENJPA-634","1aa44030d62809dd419f94f4d48dc353ee135952",EVIDENCE,1,1,1,7,0,0
"OPENJPA-634","514a4bb907c5e6bbab34a758008240347ef11830",NO_EVIDENCE,0,0,0,0,2,14
"OPENJPA-634","545c6732c887dc77040eff00fc0dad89312d6729",NO_EVIDENCE,0,0,0,0,2,2
"OPENJPA-634","d965db72710b34fb1547dc616caedaaf75af565e",EVIDENCE,3,3,1,7,0,0
"OPENJPA-637","82e61ba0d578fba28ae987cafdc29e3b211a45f7",EVIDENCE,2,1,2,6,0,0
"OPENJPA-642","976a5e1faf9df64b40ede8586c345def1454cf4e",NO_EVIDENCE,0,0,0,0,0,0
"OPENJPA-644","e3dbdac15947253e9073840e3759603e82380188",EVIDENCE,1,1,1,11,0,0
"OPENJPA-645","2b3f7ec90c3a834917232f4cdf27d00d0f62905a",EVIDENCE,3,3,3,8,0,0
"OPENJPA-646","079aa06091a9337a1f5087f904c332d590659c82",EVIDENCE,1,1,1,1,0,0
"OPENJPA-647","13e48971736a7727f65293895c175ef992c30d1e",EVIDENCE,4,2,3,12,1,1
"OPENJPA-647","1ad09239b378a4c495a8a35cd61cda8b807b22d0",EVIDENCE,1,1,1,1,0,0
"OPENJPA-653","c7a906314641bc2a3f7d997422028686938c1d55",EVIDENCE,1,1,1,1,0,0
"OPENJPA-656","026c96d5138612108237ed46c9b015006ecdf5ce",EVIDENCE,1,1,1,4,2,10
"OPENJPA-656","85b0b0b45b143f28ba4422107708f77aa710b160",NO_EVIDENCE,0,0,0,0,2,7
"OPENJPA-656","cc85528f693f18b625aa6bfc94c19583028e4582",EVIDENCE,2,2,2,2,0,0
"OPENJPA-657","07919b9becd533a113949dce397a2d6ba1879f69",EVIDENCE,1,1,1,2,0,0
"OPENJPA-659","434319cfee6140b6eac8cc136f039de50de59b83",NO_EVIDENCE,0,0,0,0,0,0
"OPENJPA-660","b4c557d0c052726037f32430f038d059fc9aceaf",EVIDENCE,1,1,1,2,0,0
"OPENJPA-662","c7e78fc80dc0a37f48de261b67f4ccba50338c5e",EVIDENCE,4,4,1,8,0,0
"OPENJPA-664","315cc2d1555925da6f62b808976792676ec2bcea",EVIDENCE,3,2,2,9,0,0
"OPENJPA-665","1111ee16ff9fdb72c7e5d12dd0afad6ddda2be5c",EVIDENCE,1,1,1,1,0,0
"OPENJPA-665","3b00de3b261f4b0dd28b8da7500c7b81dad2d132",EVIDENCE,2,2,1,15,0,0
"OPENJPA-669","191f26d72d58b992ee7a6f82c6973681a3bdc275",EVIDENCE,1,1,1,1,0,0
"OPENJPA-67","753468d8a19f1c6dcac94ea3fd12ed30791d6fab",EVIDENCE,1,1,1,1,0,0
"OPENJPA-670","68f051fccf0e33e1a822f7741efec3f0602ddf4f",NO_EVIDENCE,0,0,0,0,0,0
"OPENJPA-674","e97d6d15985fa8f0100ee1e4931e5337ed497d65",EVIDENCE,5,1,5,24,0,0
"OPENJPA-676","62a6555c8975a950294cf681ef27eed1a0cb61d9",NO_EVIDENCE,0,0,0,0,1,2
"OPENJPA-676","b53a58f948719d8299a91584966bf2381701004e",NO_EVIDENCE,0,0,0,0,2,7
"OPENJPA-676","ce3f368ab0b7e56515803e55a399dc3f94e0f0b4",EVIDENCE,3,1,3,3,0,0
"OPENJPA-677","237c092ebb1dd885954e4a93c476ff70554c7bf2",EVIDENCE,2,1,2,2,1,3
"OPENJPA-677","9ebfe800a5cffc4116d0fa3023d8427d6a1a63bb",EVIDENCE,1,1,1,1,0,0
"OPENJPA-678","fd15719a4ba9863172ed7a8286662caf2b7f9e21",EVIDENCE,3,2,3,16,0,0
"OPENJPA-678","ff93b1d6e693df0e93c441ee68788f8d206515e4",EVIDENCE,2,1,2,14,0,0
"OPENJPA-679","ab9d17f12e6e5bc2b784d7f4e5b4d45b47aac9b6",EVIDENCE,1,1,1,1,1,14
"OPENJPA-679","f4845dae9b5767ea7fb4a26c631c4b28b0c49243",EVIDENCE,3,1,3,15,0,0
"OPENJPA-68","ba1d28973531251d4b3c74cab8c1321cf0e74347",EVIDENCE,2,2,2,2,0,0
"OPENJPA-680","031f525d4f15b930340fed274ac4f4f8ff7c67f4",EVIDENCE,3,3,3,4,0,0
"OPENJPA-680","352d799756bfed3eae503285fdd694d716b6405e",NO_EVIDENCE,0,0,0,0,1,1
"OPENJPA-680","404cbbf99bad44d769250020bc38a2f499d152ea",NO_EVIDENCE,0,0,0,0,1,2
"OPENJPA-680","4668ea4e7792f624f48a7c6c275eb2f5f05998bc",EVIDENCE,1,1,1,1,0,0
"OPENJPA-692","6dbe8a9e57ee2a66d2b760e4114761332ada00f3",NO_EVIDENCE,0,0,0,0,0,0
"OPENJPA-692","ffb59c35fcd7b8d6adf658bc794bcaff465ced32",EVIDENCE,1,1,1,1,1,3
"OPENJPA-693","aae12606650335c92930c6a369d799828bbae058",EVIDENCE,6,6,2,13,0,0
"OPENJPA-696","8cb451d1dfefe4f4d67332cd055310cf29b0b3a8",EVIDENCE,4,2,3,7,0,0
"OPENJPA-697","62c0cba64bab3d23a4d59bd70e97910d0fed5322",EVIDENCE,3,3,1,3,3,7
"OPENJPA-697","939b122c09432e54083d751469c56ad48aff9fb6",EVIDENCE,2,1,2,3,3,16
"OPENJPA-697","aa1516f04b61ae6c10253ef06b853970e1efe5fb",EVIDENCE,3,3,1,19,1,10
"OPENJPA-697","f0126e921f716ce057b9f72e52868dae0b323a48",EVIDENCE,5,3,3,64,0,0
"OPENJPA-698","04c292c761a2fa8563dc66bea702ed381e910cec",EVIDENCE,2,2,1,4,0,0
"OPENJPA-699","8fc909c19cbbf27f1b2e5168a6b2dadd40024f95",EVIDENCE,5,1,5,88,0,0
"OPENJPA-70","0a96982e61dadc190d809790e41da922ba715bfb",EVIDENCE,1,1,1,1,0,0
"OPENJPA-70","5c4a8c7e73e3997f69969f0ae0315dee57bc0a26",EVIDENCE,2,2,2,7,1,6
"OPENJPA-700","322689a573483d14cdd807b5881f707a1ff8a3f9",NO_EVIDENCE,0,0,0,0,0,0
"OPENJPA-705","42f2f394fbadb894079389c4e69cb0193a4beb94",EVIDENCE,1,1,1,3,0,0
"OPENJPA-71","0b90c67a8bb2932037c4311e8afb7d85a6c3902e",EVIDENCE,3,2,3,17,0,0
"OPENJPA-710","a60fab2d7eef3c7cad40ca7c598e1f90ec2c01ad",EVIDENCE,1,1,1,1,0,0
"OPENJPA-714","40f017a2e99211101f25fe3d6faafdef38d780a8",EVIDENCE,3,1,3,7,0,0
"OPENJPA-715","8e6db6cb65c2acca6812b30f56e56ff48000a02f",EVIDENCE,3,3,3,3,0,0
"OPENJPA-719","07c6b1e5ddce7069c8bab7149ecf0a365a43bd88",EVIDENCE,2,2,2,4,0,0
"OPENJPA-731","baa01d79dd0a9f35195ce46828b3f38e3faf93d5",EVIDENCE,3,1,3,5,0,0
"OPENJPA-732","50ff3ed6933dbd115dfc9d84551b3613ec6f29ed",NO_EVIDENCE,0,0,0,0,1,16
"OPENJPA-732","99dc9d8a66d0b127174e6e25913311ea3cc9d5ad",NO_EVIDENCE,0,0,0,0,1,16
"OPENJPA-732","f0ad75d7fdfbe0deb4beb660e839123529082bc7",EVIDENCE,1,1,1,16,0,0
"OPENJPA-733","ab424921005d872958cae6583a44af1e089b65d1",EVIDENCE,41,1,41,3258,0,0
"OPENJPA-74","b4077bd6a64f73fd28c210f265d5ef8b089199dd",EVIDENCE,1,1,1,2,0,0
"OPENJPA-740","1873fcd3685125c77025e0015ea0dbfbc4fc2818",NO_EVIDENCE,0,0,0,0,0,0
"OPENJPA-740","82694335ddfd450d60b34744a5345bebd99d992e",NO_EVIDENCE,0,0,0,0,1,1
"OPENJPA-745","1e4aa60859d0a2a6ef90ab1d6c56dfb90ea7805b",NO_EVIDENCE,0,0,0,0,0,0
"OPENJPA-745","703a2b9b600817f96ed3d7ba1024fabf50184dc9",EVIDENCE,2,2,1,3,3,10
"OPENJPA-745","ac40fde3f1bded71a16c8c5dd4846d81f1dc9ea5",EVIDENCE,1,1,1,1,1,1
"OPENJPA-75","b29b9b6c7619e5785d80769881a16a95503bf79c",EVIDENCE,1,1,1,2,0,0
"OPENJPA-750","044764a395220342b5843c2ffebd7197baa04b4f",NO_EVIDENCE,0,0,0,0,1,14
"OPENJPA-750","703a2b9b600817f96ed3d7ba1024fabf50184dc9",EVIDENCE,5,3,3,13,0,0
"OPENJPA-750","c49f0e17d6b1f02970acd15dee527b25784d01e1",EVIDENCE,1,1,1,2,0,0
"OPENJPA-755","54d4d0d07d5405670c84823ee2701f497f384538",EVIDENCE,1,1,1,1,0,0
"OPENJPA-755","5550d8dbb53e2b5bbff4dddac060a93c33d7ceff",NO_EVIDENCE,0,0,0,0,1,2
"OPENJPA-76","05f7fac8637ae3f5c524e1aaf35ebd4f09798db8",EVIDENCE,3,1,3,414,0,0
"OPENJPA-761","f55dff2069f4a1dc2f27d7e5a9dd126bcc5a2d67",EVIDENCE,1,1,1,2,0,0
"OPENJPA-762","7e24608f524188e5b019777d85d01a2b4dd62d9a",EVIDENCE,1,1,1,1,0,0
"OPENJPA-77","6cb121e192041b65410fa2af968921c908b14d14",EVIDENCE,1,1,1,4,0,0
"OPENJPA-774","68d48f948e8bf1f47648179fe0680040d1f23b1f",EVIDENCE,2,1,2,2,0,0
"OPENJPA-787","3f47c13c68f439f274c735862184cfb19c37b151",EVIDENCE,3,3,1,248,0,0
"OPENJPA-792","9946b6c19bb6445d8b975d2bb734329777cf7ec5",EVIDENCE,2,1,2,3,0,0
"OPENJPA-795","569641f0950e01c8abbaff6e23e2739a8a2f2c9a",EVIDENCE,2,1,2,8,0,0
"OPENJPA-799","3f47c13c68f439f274c735862184cfb19c37b151",EVIDENCE,3,3,1,248,0,0
"OPENJPA-80","1af233a0b3b7ad19ed14aa1b0a297269f7905e97",NO_EVIDENCE,0,0,0,0,0,0
"OPENJPA-801","62e1deae8f372545fc7c95d9bdd986886f3d7db4",EVIDENCE,3,2,3,4,0,0
"OPENJPA-811","ef7f18f30c168b1cb4b046bfde99ac23cd9ba934",NO_EVIDENCE,0,0,0,0,0,0
"OPENJPA-812","5bf35c3a409e2f4940b32ed8ea2ed419de4f6015",EVIDENCE,1,1,1,1,0,0
"OPENJPA-815","55b1fa6cd377b1e15ffff6b8b65eb94c241e02a5",EVIDENCE,1,1,1,3,0,0
"OPENJPA-819","04900fe85c90b86e0becb5b2cb59ba4d08ae4cf8",EVIDENCE,1,1,1,2,0,0
"OPENJPA-821","57d329d3c55c3805465df3299e37deaf144dfc02",EVIDENCE,1,1,1,1,0,0
"OPENJPA-825","0f7f03d8b0bfcfa33fb3bed73597af731e86cfef",EVIDENCE,4,3,4,12,1,1
"OPENJPA-825","4d28f28b20ee8300fe6c68c914e1f0b2e0974c24",EVIDENCE,3,2,2,99,1,9
"OPENJPA-825","574d559860c58a74aead153305aef6dfc44a2fbd",EVIDENCE,15,6,12,139,5,111
"OPENJPA-825","75cf4c522f41e6dfcbac89a2905498085d7f728e",EVIDENCE,7,5,3,51,4,79
"OPENJPA-825","9c8b2d2cd844ecc73081c3baf281b13abd178843",EVIDENCE,8,3,5,86,0,0
"OPENJPA-828","548ccbcf959025988fc9ee517ba1a0ef983ee449",EVIDENCE,1,1,1,2,0,0
"OPENJPA-835","0500645b7a753dbf287c81b6bda473165b1ccc44",EVIDENCE,1,1,1,1,0,0
"OPENJPA-836","1583426e01c38dd65d255a2eeb52cca475975fb7",NO_EVIDENCE,0,0,0,0,0,0
"OPENJPA-838","6ff7d9a922d1b3f61fa2363529622e69f1d82b9d",EVIDENCE,5,2,4,129,0,0
"OPENJPA-843","9ab2dd6c4ab1da7438f6f0265d876fa8bf4135e4",EVIDENCE,4,1,4,8,0,0
"OPENJPA-845","94efd58dd9e258e2de7436c767f179e136c49dfe",NO_EVIDENCE,0,0,0,0,0,0
"OPENJPA-847","e80110bdd1029dc03dd3ff422c98458daf451478",EVIDENCE,1,1,1,19,0,0
"OPENJPA-853","2309a59df503eafd89ecaa334d4964d0ea34b605",NO_EVIDENCE,0,0,0,0,0,0
"OPENJPA-859","4c6ecef1ba10438268154d33c16520588f574fbb",NO_EVIDENCE,0,0,0,0,1,19
"OPENJPA-859","5d793884e63d62b5f88705173083cb0ee0603485",NO_EVIDENCE,0,0,0,0,1,6
"OPENJPA-859","7a46717616e9f908df95bcff48dff7e6b29af14a",NO_EVIDENCE,0,0,0,0,2,7
"OPENJPA-859","9c3a7117a83a2e0035cb7d73a14aa42663187a4b",EVIDENCE,3,1,3,14,0,0
"OPENJPA-859","f7568decb957ebcf656c977fcdac4f85914962ce",NO_EVIDENCE,0,0,0,0,1,13
"OPENJPA-86","86e47000db1e081076ed16ef2873bb71e6e93c70",EVIDENCE,3,2,2,21,0,0
"OPENJPA-860","696388049b3a89248e265af7274bdb298ab91e0a",EVIDENCE,2,1,2,6,0,0
"OPENJPA-860","8c50f73fe4820ac25b5268553b8029c32d9c9f9e",EVIDENCE,1,1,1,1,0,0
"OPENJPA-863","f1d2bf4bef6b479bfe9ee5eda2e5364bba7d67d5",NO_EVIDENCE,0,0,0,0,0,0
"OPENJPA-864","c5736acdf423b312fde13a86d34ec4932e22acc9",EVIDENCE,3,1,3,27,0,0
"OPENJPA-866","0e7c84ef81c1fa5b92a07f4604d00217479b831a",EVIDENCE,1,1,1,1,0,0
"OPENJPA-867","dbf066de8e47f5c2beeb2768b200abd7aef7a377",EVIDENCE,4,2,3,25,0,0
"OPENJPA-873","89df4a75321f4066bb7a0a83d0fa03ace16e32bf",EVIDENCE,1,1,1,1,0,0
"OPENJPA-883","0aedae43701528f57b32dea534b5def3a576074d",EVIDENCE,1,1,1,2,0,0
"OPENJPA-884","efc6ba4735d62cb8a82ed2ce29096d149d516c4f",EVIDENCE,14,1,14,54,0,0
"OPENJPA-896","90b84c5d73db4d0d7fa3e5520358912961b59c43",EVIDENCE,686,264,244,52128,0,0
"OPENJPA-898","5b558e5388dd98b3df44cc7e52a20b38684d5c32",NO_EVIDENCE,0,0,0,0,0,0
"OPENJPA-9","1946a9b0364cfffd39b4ca625dbdebcd8042b375",NO_EVIDENCE,0,0,0,0,1,4
"OPENJPA-9","634bdc5c921382bbc0f5e5c90569b087f61138ba",EVIDENCE,16,12,5,97,0,0
"OPENJPA-9","787b57a486877f695c55c54f7709428df18e64d9",EVIDENCE,3,1,3,17,1,1
"OPENJPA-9","b4d72d5843aab0d7b08b28e0bf07859a47419c67",EVIDENCE,11,11,3,34,1,1
"OPENJPA-90","87b5ae1f4fdb4eec9040b0f1dee729c3507ea683",EVIDENCE,1,1,1,2,0,0
"OPENJPA-912","80aea14f18227ceafca32cc4a36f614280a7fcc9",NO_EVIDENCE,0,0,0,0,0,0
"OPENJPA-913","1d47f145476b3fe5e01629b136fd42dd8298f6c2",EVIDENCE,1,1,1,2,0,0
"OPENJPA-916","ba62ff1aa34908c39155aeb00585ce164c942d91",EVIDENCE,1,1,1,2,0,0
"OPENJPA-922","5136bbc8d33fab04e782e915bb6669599870f099",NO_EVIDENCE,0,0,0,0,0,0
"OPENJPA-925","d1c23c2d9df241ec2c3247aa0dd5ef18eafaa261",EVIDENCE,1,1,1,3,0,0
"OPENJPA-927","3e8f626668110f4fc27b43c32938677043fe9667",EVIDENCE,1,1,1,4,0,0
"OPENJPA-927","730ff8813eed5a331787765e2beeb6e3c5155f4b",EVIDENCE,2,1,2,4,0,0
"OPENJPA-927","deda5b3a40601bd6ce40eefef089111b19ebdc94",EVIDENCE,2,1,2,3,0,0
"OPENJPA-932","7b06c5cfbf04d203ba55920ff120c3e6469e69e9",NO_EVIDENCE,0,0,0,0,0,0
"OPENJPA-932","bd50e177bb770396c10cec7ee8f85d0a01044ac4",EVIDENCE,2,1,2,3,0,0
"OPENJPA-933","4d1b86e86040a38395e3bcb09fcf059ef161f05f",EVIDENCE,2,1,2,27,0,0
"OPENJPA-935","9d7360cb35872203b416bdf3767f02f1c4158eb9",EVIDENCE,1,1,1,1,0,0
"OPENJPA-940","3750cd1f6da5cf46aa793781223daec2eefda26d",NO_EVIDENCE,0,0,0,0,0,0
"OPENJPA-944","5016fc69f876b56f961f062b538440af8bdc7497",EVIDENCE,11,2,9,85,0,0
"OPENJPA-955","cae33419ae4aab79500a8d574ff7873f005a955f",NO_EVIDENCE,0,0,0,0,0,0
"OPENJPA-965","1ece64d1df09297becfd9ff9387aec7d6ce93667",NO_EVIDENCE,0,0,0,0,2,2
"OPENJPA-965","b45109cec3f0541b97b8d436a3026bf5242f75cb",NO_EVIDENCE,0,0,0,0,2,2
"OPENJPA-965","b612d646209bc72c0948a8f7e6d03527a6bdb3cd",EVIDENCE,2,1,2,4,0,0
"OPENJPA-970","ff8d46578c84df4b581976a24d51970275845497",NO_EVIDENCE,0,0,0,0,0,0
"OPENJPA-973","31ae5802525dc7948002eeb6c650a51b357e821b",EVIDENCE,1,1,1,1,0,0
"OPENJPA-973","b00ef73b409f3c08dbab9d35fd81911808368d6c",EVIDENCE,2,1,2,2,0,0
"OPENJPA-973","c67cd5d0be03ee6dac397b4ca48304aaaeaed1c8",EVIDENCE,1,1,1,1,0,0
"OPENJPA-981","6b40e7268302db484c11e3d69324f4e3fd12819e",EVIDENCE,1,1,1,1,0,0
"OPENJPA-993","d8ef5c17921a5e410cfb1fe7bfd1670d1f3b5229",EVIDENCE,1,1,1,2,0,0
