Configuration,Classifier,Repetition,OOFPredictions,TP,FP,TN,FN,Precision,Recall,AUC,Kappa,NPofB20,TotalLOC,BudgetLOC,InspectedLOC,InspectedRows,BuggyFound,TotalBuggy
C1,RandomForest,1,12836,1454,274,10552,556,0.841435185185,0.723383084577,0.960186964678,0.740367157240,0.692537313433,1750165.000000000000,350033.000000000000,350572.000000000000,3135,1392,2010
C1,NaiveBayes,1,12836,746,694,10132,1264,0.518055555556,0.371144278607,0.805614891550,0.347119707809,0.198009950249,1750165.000000000000,350033.000000000000,350198.000000000000,934,398,2010
C1,IBk,1,12836,1298,670,10156,712,0.659552845528,0.645771144279,0.800297583760,0.588893394077,0.528855721393,1750165.000000000000,350033.000000000000,350390.000000000000,1703,1063,2010
C2,RandomForest,1,12836,1339,472,10354,671,0.739370513528,0.666169154229,0.941351229259,0.648721442654,0.672636815920,1750165.000000000000,350033.000000000000,350677.000000000000,2886,1352,2010
C2,NaiveBayes,1,12836,687,576,10250,1323,0.543942992874,0.341791044776,0.792322839893,0.340041014791,0.201492537313,1750165.000000000000,350033.000000000000,350180.000000000000,884,405,2010
C2,IBk,1,12836,1321,547,10279,689,0.707173447537,0.657213930348,0.905078064325,0.624655702260,0.632338308458,1750165.000000000000,350033.000000000000,350344.000000000000,2121,1271,2010
C3,RandomForest,1,12836,1601,426,10400,409,0.789837197829,0.796517412935,0.961606478967,0.754569182709,0.688557213930,1750165.000000000000,350033.000000000000,350045.000000000000,3546,1384,2010
C3,NaiveBayes,1,12836,802,769,10057,1208,0.510502864418,0.399004975124,0.806567982184,0.359985307550,0.209950248756,1750165.000000000000,350033.000000000000,350456.000000000000,1045,422,2010
C3,IBk,1,12836,1446,930,9896,564,0.608585858586,0.719402985075,0.823165577985,0.589772353308,0.561691542289,1750165.000000000000,350033.000000000000,350163.000000000000,1996,1129,2010
C4,RandomForest,1,12836,1533,665,10161,477,0.697452229299,0.762686567164,0.941675765823,0.675533769499,0.674626865672,1750165.000000000000,350033.000000000000,350357.000000000000,3075,1356,2010
C4,NaiveBayes,1,12836,762,701,10125,1248,0.520847573479,0.379104477612,0.792711116503,0.353525882672,0.247761194030,1750165.000000000000,350033.000000000000,350252.000000000000,1196,498,2010
C4,IBk,1,12836,1505,735,10091,505,0.671875000000,0.748756218905,0.907913830074,0.650553918706,0.640796019900,1750165.000000000000,350033.000000000000,350677.000000000000,2245,1288,2010
C1,RandomForest,2,12836,1445,270,10556,565,0.842565597668,0.718905472637,0.960521657370,0.738071544827,0.690547263682,1750165.000000000000,350033.000000000000,350191.000000000000,3137,1388,2010
C1,NaiveBayes,2,12836,747,694,10132,1263,0.518390006940,0.371641791045,0.804725173321,0.347602558639,0.197014925373,1750165.000000000000,350033.000000000000,350387.000000000000,929,396,2010
C1,IBk,2,12836,1298,680,10146,712,0.656218402427,0.645771144279,0.801127674945,0.586762953900,0.526368159204,1750165.000000000000,350033.000000000000,350088.000000000000,1705,1058,2010
C2,RandomForest,2,12836,1337,472,10354,673,0.739082365948,0.665174129353,0.940914125107,0.647958163962,0.675124378109,1750165.000000000000,350033.000000000000,350325.000000000000,2841,1357,2010
C2,NaiveBayes,2,12836,685,570,10256,1325,0.545816733068,0.340796019900,0.788987332872,0.340171178512,0.201990049751,1750165.000000000000,350033.000000000000,350518.000000000000,884,406,2010
C2,IBk,2,12836,1291,561,10265,719,0.697084233261,0.642288557214,0.899425811089,0.609992424917,0.622885572139,1750165.000000000000,350033.000000000000,350414.000000000000,2095,1252,2010
C3,RandomForest,2,12836,1580,439,10387,430,0.782565626548,0.786069651741,0.963316499895,0.744162412984,0.692039800995,1750165.000000000000,350033.000000000000,350048.000000000000,3494,1391,2010
C3,NaiveBayes,2,12836,804,773,10053,1206,0.509828788840,0.400000000000,0.805934717692,0.360191392168,0.210447761194,1750165.000000000000,350033.000000000000,350430.000000000000,1043,423,2010
C3,IBk,2,12836,1446,952,9874,564,0.603002502085,0.719402985075,0.824854735192,0.585451461669,0.558706467662,1750165.000000000000,350033.000000000000,350385.000000000000,2009,1123,2010
C4,RandomForest,2,12836,1546,669,10157,464,0.697968397291,0.769154228856,0.942419920534,0.679155220417,0.683084577114,1750165.000000000000,350033.000000000000,350301.000000000000,3104,1373,2010
C4,NaiveBayes,2,12836,764,700,10126,1246,0.521857923497,0.380099502488,0.789889183309,0.354667984465,0.250248756219,1750165.000000000000,350033.000000000000,350116.000000000000,1174,503,2010
C4,IBk,2,12836,1505,753,10073,505,0.666519043401,0.748756218905,0.906000295952,0.646712154194,0.640298507463,1750165.000000000000,350033.000000000000,350235.000000000000,2243,1287,2010
C1,RandomForest,3,12836,1449,283,10543,561,0.836605080831,0.720895522388,0.959946641263,0.736214499108,0.688059701493,1750165.000000000000,350033.000000000000,350081.000000000000,3139,1383,2010
C1,NaiveBayes,3,12836,746,689,10137,1264,0.519860627178,0.371144278607,0.804739120764,0.348040379368,0.200000000000,1750165.000000000000,350033.000000000000,350594.000000000000,935,402,2010
C1,IBk,3,12836,1298,692,10134,712,0.652261306533,0.645771144279,0.798575315736,0.584217865366,0.525373134328,1750165.000000000000,350033.000000000000,350249.000000000000,1715,1056,2010
C2,RandomForest,3,12836,1348,490,10336,662,0.733405875952,0.670646766169,0.940985700539,0.647961792744,0.673631840796,1750165.000000000000,350033.000000000000,350041.000000000000,2853,1354,2010
C2,NaiveBayes,3,12836,672,539,10287,1338,0.554913294798,0.334328358209,0.794394667159,0.339488486516,0.207960199005,1750165.000000000000,350033.000000000000,350396.000000000000,883,418,2010
C2,IBk,3,12836,1320,556,10270,690,0.703624733475,0.656716417910,0.902859363813,0.622249237916,0.629850746269,1750165.000000000000,350033.000000000000,350242.000000000000,2098,1266,2010
C3,RandomForest,3,12836,1594,442,10384,416,0.782907662083,0.793034825871,0.963367602225,0.748266183823,0.687064676617,1750165.000000000000,350033.000000000000,350187.000000000000,3543,1381,2010
C3,NaiveBayes,3,12836,802,774,10052,1208,0.508883248731,0.399004975124,0.805799218392,0.359079180386,0.209950248756,1750165.000000000000,350033.000000000000,350091.000000000000,1043,422,2010
C3,IBk,3,12836,1447,963,9863,563,0.600414937759,0.719900497512,0.822835733580,0.583655295607,0.559203980100,1750165.000000000000,350033.000000000000,350102.000000000000,2021,1124,2010
C4,RandomForest,3,12836,1530,703,10123,480,0.685176892073,0.761194029851,0.942469460383,0.666164861970,0.678606965174,1750165.000000000000,350033.000000000000,350328.000000000000,3101,1364,2010
C4,NaiveBayes,3,12836,766,682,10144,1244,0.529005524862,0.381094527363,0.795568297438,0.358964316897,0.269651741294,1750165.000000000000,350033.000000000000,350171.000000000000,1261,542,2010
C4,IBk,3,12836,1522,769,10057,488,0.664338716718,0.757213930348,0.909589407480,0.649225693672,0.644776119403,1750165.000000000000,350033.000000000000,350330.000000000000,2246,1296,2010
C1,RandomForest,4,12836,1455,274,10552,555,0.841526894158,0.723880597015,0.960911289663,0.740735669303,0.687562189055,1750165.000000000000,350033.000000000000,350572.000000000000,3178,1382,2010
C1,NaiveBayes,4,12836,748,696,10130,1262,0.518005540166,0.372139303483,0.805442857760,0.347717236329,0.198507462687,1750165.000000000000,350033.000000000000,350244.000000000000,938,399,2010
C1,IBk,4,12836,1311,669,10157,699,0.662121212121,0.652238805970,0.806799688974,0.594053269786,0.533830845771,1750165.000000000000,350033.000000000000,350190.000000000000,1713,1073,2010
C2,RandomForest,4,12836,1345,486,10340,665,0.734571272529,0.669154228856,0.941386844642,0.647749859951,0.671144278607,1750165.000000000000,350033.000000000000,350167.000000000000,2846,1349,2010
C2,NaiveBayes,4,12836,687,562,10264,1323,0.550040032026,0.341791044776,0.788871617343,0.342709993365,0.209452736318,1750165.000000000000,350033.000000000000,350181.000000000000,927,421,2010
C2,IBk,4,12836,1314,544,10282,696,0.707212055974,0.653731343284,0.902959684305,0.622653962657,0.631840796020,1750165.000000000000,350033.000000000000,350374.000000000000,2107,1270,2010
C3,RandomForest,4,12836,1585,427,10399,425,0.787773359841,0.788557213930,0.963417624606,0.748811754803,0.690049751244,1750165.000000000000,350033.000000000000,350231.000000000000,3517,1387,2010
C3,NaiveBayes,4,12836,801,776,10050,1209,0.507926442613,0.398507462687,0.806266836885,0.358251598511,0.212437810945,1750165.000000000000,350033.000000000000,350488.000000000000,1049,427,2010
C3,IBk,4,12836,1447,922,9904,563,0.610806247362,0.719900497512,0.825632276453,0.591704604243,0.562686567164,1750165.000000000000,350033.000000000000,350529.000000000000,1988,1131,2010
C4,RandomForest,4,12836,1510,645,10181,500,0.700696055684,0.751243781095,0.942903600417,0.671928558864,0.678606965174,1750165.000000000000,350033.000000000000,350259.000000000000,3101,1364,2010
C4,NaiveBayes,4,12836,768,717,10109,1242,0.517171717172,0.382089552239,0.789730890164,0.353449387691,0.269651741294,1750165.000000000000,350033.000000000000,350238.000000000000,1327,542,2010
C4,IBk,4,12836,1534,736,10090,476,0.675770925110,0.763184079602,0.909164504468,0.660416461119,0.643781094527,1750165.000000000000,350033.000000000000,350362.000000000000,2241,1294,2010
C1,RandomForest,5,12836,1447,275,10551,563,0.840301974448,0.719900497512,0.959496623662,0.737526326505,0.692039800995,1750165.000000000000,350033.000000000000,350696.000000000000,3134,1391,2010
C1,NaiveBayes,5,12836,753,692,10134,1257,0.521107266436,0.374626865672,0.805401406049,0.350863997127,0.199004975124,1750165.000000000000,350033.000000000000,350588.000000000000,933,400,2010
C1,IBk,5,12836,1285,671,10155,725,0.656952965235,0.639303482587,0.800477590801,0.583708155122,0.523383084577,1750165.000000000000,350033.000000000000,350709.000000000000,1694,1052,2010
C2,RandomForest,5,12836,1346,500,10326,664,0.729144095341,0.669651741294,0.942401262669,0.644890981506,0.669154228856,1750165.000000000000,350033.000000000000,350164.000000000000,2867,1345,2010
C2,NaiveBayes,5,12836,693,562,10264,1317,0.552191235060,0.344776119403,0.791415359927,0.345742292572,0.212935323383,1750165.000000000000,350033.000000000000,350199.000000000000,932,428,2010
C2,IBk,5,12836,1316,567,10259,694,0.698884758364,0.654726368159,0.902743648284,0.618258089312,0.629850746269,1750165.000000000000,350033.000000000000,350691.000000000000,2120,1266,2010
C3,RandomForest,5,12836,1599,438,10388,411,0.784977908689,0.795522388060,0.962721424284,0.750956932944,0.693034825871,1750165.000000000000,350033.000000000000,350225.000000000000,3456,1393,2010
C3,NaiveBayes,5,12836,801,771,10055,1209,0.509541984733,0.398507462687,0.806379611273,0.359156604414,0.211442786070,1750165.000000000000,350033.000000000000,350470.000000000000,1043,425,2010
C3,IBk,5,12836,1449,936,9890,561,0.607547169811,0.720895522388,0.826722176114,0.589645098547,0.561194029851,1750165.000000000000,350033.000000000000,350066.000000000000,1998,1128,2010
C4,RandomForest,5,12836,1547,684,10142,463,0.693411026446,0.769651741294,0.940479709342,0.676198319131,0.674129353234,1750165.000000000000,350033.000000000000,350388.000000000000,3099,1355,2010
C4,NaiveBayes,5,12836,783,719,10107,1227,0.521304926764,0.389552238806,0.792679637100,0.360205391159,0.265174129353,1750165.000000000000,350033.000000000000,350211.000000000000,1252,533,2010
C4,IBk,5,12836,1535,769,10057,475,0.666232638889,0.763681592040,0.909808154866,0.653716230576,0.644278606965,1750165.000000000000,350033.000000000000,350079.000000000000,2266,1295,2010
C1,RandomForest,6,12836,1453,272,10554,557,0.842318840580,0.722885572139,0.960497392954,0.740512719969,0.689054726368,1750165.000000000000,350033.000000000000,350062.000000000000,3204,1385,2010
C1,NaiveBayes,6,12836,747,694,10132,1263,0.518390006940,0.371641791045,0.805320088087,0.347602558639,0.198507462687,1750165.000000000000,350033.000000000000,350135.000000000000,934,399,2010
C1,IBk,6,12836,1307,662,10164,703,0.663788725241,0.650248756219,0.802506174099,0.594033364579,0.532835820896,1750165.000000000000,350033.000000000000,350097.000000000000,1702,1071,2010
C2,RandomForest,6,12836,1353,465,10361,657,0.744224422442,0.673134328358,0.942613576308,0.655684126996,0.676616915423,1750165.000000000000,350033.000000000000,350450.000000000000,2943,1360,2010
C2,NaiveBayes,6,12836,686,545,10281,1324,0.557270511779,0.341293532338,0.794753394491,0.345467540101,0.206965174129,1750165.000000000000,350033.000000000000,350275.000000000000,887,416,2010
C2,IBk,6,12836,1294,562,10264,716,0.697198275862,0.643781094527,0.892543103805,0.610927495044,0.614925373134,1750165.000000000000,350033.000000000000,350600.000000000000,2042,1236,2010
C3,RandomForest,6,12836,1589,440,10386,421,0.783144406111,0.790547263682,0.962486316800,0.747029162958,0.690049751244,1750165.000000000000,350033.000000000000,350104.000000000000,3563,1387,2010
C3,NaiveBayes,6,12836,808,770,10056,1202,0.512040557668,0.401990049751,0.806344110778,0.362596018816,0.212437810945,1750165.000000000000,350033.000000000000,350431.000000000000,1050,427,2010
C3,IBk,6,12836,1450,924,9902,560,0.610783487784,0.721393034826,0.824630197433,0.592364436512,0.561691542289,1750165.000000000000,350033.000000000000,350388.000000000000,1990,1129,2010
C4,RandomForest,6,12836,1552,635,10191,458,0.709647919524,0.772139303483,0.944237936495,0.688787672452,0.677611940299,1750165.000000000000,350033.000000000000,350052.000000000000,3192,1362,2010
C4,NaiveBayes,6,12836,764,687,10139,1246,0.526533425224,0.380099502488,0.795775119415,0.357075397483,0.260696517413,1750165.000000000000,350033.000000000000,350291.000000000000,1230,524,2010
C4,IBk,6,12836,1494,796,10030,516,0.652401746725,0.743283582090,0.897686447680,0.633807388723,0.628855721393,1750165.000000000000,350033.000000000000,350647.000000000000,2229,1264,2010
C1,RandomForest,7,12836,1449,267,10559,561,0.844405594406,0.720895522388,0.960601527739,0.740323298496,0.691542288557,1750165.000000000000,350033.000000000000,350440.000000000000,3183,1390,2010
C1,NaiveBayes,7,12836,748,697,10129,1262,0.517647058824,0.372139303483,0.805157015587,0.347533386543,0.198507462687,1750165.000000000000,350033.000000000000,350240.000000000000,931,399,2010
C1,IBk,7,12836,1319,655,10171,691,0.668186423506,0.656218905473,0.807618015594,0.600092622889,0.539303482587,1750165.000000000000,350033.000000000000,350131.000000000000,1708,1084,2010
C2,RandomForest,7,12836,1365,475,10351,645,0.741847826087,0.679104477612,0.942951738628,0.657884241037,0.678606965174,1750165.000000000000,350033.000000000000,350281.000000000000,2869,1364,2010
C2,NaiveBayes,7,12836,682,548,10278,1328,0.554471544715,0.339303482587,0.790757072756,0.342858047311,0.202985074627,1750165.000000000000,350033.000000000000,350190.000000000000,883,408,2010
C2,IBk,7,12836,1321,542,10284,689,0.709071390231,0.657213930348,0.903831663776,0.625783832768,0.628855721393,1750165.000000000000,350033.000000000000,350048.000000000000,2100,1264,2010
C3,RandomForest,7,12836,1603,429,10397,407,0.788877952756,0.797512437811,0.964145396241,0.754523033013,0.694029850746,1750165.000000000000,350033.000000000000,350039.000000000000,3525,1395,2010
C3,NaiveBayes,7,12836,803,767,10059,1207,0.511464968153,0.399502487562,0.806194801900,0.360814379282,0.213432835821,1750165.000000000000,350033.000000000000,350037.000000000000,1046,429,2010
C3,IBk,7,12836,1463,909,9917,547,0.616779089376,0.727860696517,0.830654826735,0.599904709531,0.572139303483,1750165.000000000000,350033.000000000000,350533.000000000000,2004,1150,2010
C4,RandomForest,7,12836,1535,658,10168,475,0.699954400365,0.763681592040,0.942888779822,0.677776466124,0.678109452736,1750165.000000000000,350033.000000000000,350290.000000000000,3097,1363,2010
C4,NaiveBayes,7,12836,764,690,10136,1246,0.525447042641,0.380099502488,0.792666884495,0.356518572394,0.263184079602,1750165.000000000000,350033.000000000000,350054.000000000000,1227,529,2010
C4,IBk,7,12836,1495,740,10086,515,0.668903803132,0.743781094527,0.908939001648,0.645984143853,0.640298507463,1750165.000000000000,350033.000000000000,350599.000000000000,2232,1287,2010
C1,RandomForest,8,12836,1447,268,10558,563,0.843731778426,0.719900497512,0.961349749497,0.739326291917,0.692537313433,1750165.000000000000,350033.000000000000,350417.000000000000,3171,1392,2010
C1,NaiveBayes,8,12836,752,690,10136,1258,0.521497919556,0.374129353234,0.805459953144,0.350751506659,0.198009950249,1750165.000000000000,350033.000000000000,350251.000000000000,934,398,2010
C1,IBk,8,12836,1293,656,10170,717,0.663417136993,0.643283582090,0.804496821270,0.589978992500,0.525870646766,1750165.000000000000,350033.000000000000,350600.000000000000,1684,1057,2010
C2,RandomForest,8,12836,1338,468,10358,672,0.740863787375,0.665671641791,0.943449618709,0.649273276466,0.676119402985,1750165.000000000000,350033.000000000000,350475.000000000000,2899,1359,2010
C2,NaiveBayes,8,12836,695,554,10272,1315,0.556445156125,0.345771144279,0.797044635496,0.348289112785,0.210945273632,1750165.000000000000,350033.000000000000,350190.000000000000,900,424,2010
C2,IBk,8,12836,1297,569,10257,713,0.695069667738,0.645273631841,0.893954139335,0.610524111420,0.612935323383,1750165.000000000000,350033.000000000000,350588.000000000000,2040,1232,2010
C3,RandomForest,8,12836,1596,431,10395,414,0.787370498273,0.794029850746,0.963914562602,0.751629891483,0.691044776119,1750165.000000000000,350033.000000000000,350098.000000000000,3523,1389,2010
C3,NaiveBayes,8,12836,805,770,10056,1205,0.511111111111,0.400497512438,0.806275453510,0.361200900277,0.209950248756,1750165.000000000000,350033.000000000000,350043.000000000000,1050,422,2010
C3,IBk,8,12836,1446,945,9881,564,0.604767879548,0.719402985075,0.829101904113,0.586822412634,0.561194029851,1750165.000000000000,350033.000000000000,350105.000000000000,2009,1128,2010
C4,RandomForest,8,12836,1530,646,10180,480,0.703125000000,0.761194029851,0.942899992923,0.678700344318,0.679601990050,1750165.000000000000,350033.000000000000,350487.000000000000,3109,1366,2010
C4,NaiveBayes,8,12836,757,698,10128,1253,0.520274914089,0.376616915423,0.798051447915,0.351680920709,0.260199004975,1750165.000000000000,350033.000000000000,350622.000000000000,1214,523,2010
C4,IBk,8,12836,1505,809,10017,505,0.650388936906,0.748756218905,0.902445673903,0.634928770597,0.634328358209,1750165.000000000000,350033.000000000000,350623.000000000000,2236,1275,2010
C1,RandomForest,9,12836,1459,271,10555,551,0.843352601156,0.725870646766,0.961713095340,0.742980080892,0.698009950249,1750165.000000000000,350033.000000000000,350293.000000000000,3158,1403,2010
C1,NaiveBayes,9,12836,749,693,10133,1261,0.519417475728,0.372636815920,0.804301740880,0.348751767973,0.197512437811,1750165.000000000000,350033.000000000000,350439.000000000000,932,397,2010
C1,IBk,9,12836,1315,669,10157,695,0.662802419355,0.654228855721,0.805515651008,0.595569955574,0.536318407960,1750165.000000000000,350033.000000000000,350172.000000000000,1721,1078,2010
C2,RandomForest,9,12836,1355,474,10352,655,0.740841990159,0.674129353234,0.943081677333,0.654337392090,0.673631840796,1750165.000000000000,350033.000000000000,350146.000000000000,2913,1354,2010
C2,NaiveBayes,9,12836,681,576,10250,1329,0.541766109785,0.338805970149,0.798916488130,0.337006337388,0.199004975124,1750165.000000000000,350033.000000000000,350369.000000000000,885,400,2010
C2,IBk,9,12836,1316,524,10302,694,0.715217391304,0.654726368159,0.904585377197,0.627949112128,0.634328358209,1750165.000000000000,350033.000000000000,350345.000000000000,2093,1275,2010
C3,RandomForest,9,12836,1614,423,10403,396,0.792341678940,0.802985074627,0.964160699367,0.759757041321,0.695024875622,1750165.000000000000,350033.000000000000,350315.000000000000,3531,1397,2010
C3,NaiveBayes,9,12836,804,772,10054,1206,0.510152284264,0.400000000000,0.805692211398,0.360372663372,0.210447761194,1750165.000000000000,350033.000000000000,350362.000000000000,1049,423,2010
C3,IBk,9,12836,1459,956,9870,551,0.604140786749,0.725870646766,0.827931513686,0.589224013081,0.563184079602,1750165.000000000000,350033.000000000000,350634.000000000000,2027,1132,2010
C4,RandomForest,9,12836,1534,637,10189,476,0.706586826347,0.763184079602,0.942912308952,0.682098329734,0.676616915423,1750165.000000000000,350033.000000000000,350394.000000000000,3111,1360,2010
C4,NaiveBayes,9,12836,761,708,10118,1249,0.518039482641,0.378606965174,0.799142036906,0.351758393008,0.238308457711,1750165.000000000000,350033.000000000000,350418.000000000000,1136,479,2010
C4,IBk,9,12836,1512,738,10088,498,0.672000000000,0.752238805970,0.908724321309,0.652354044012,0.644278606965,1750165.000000000000,350033.000000000000,350178.000000000000,2251,1295,2010
C1,RandomForest,10,12836,1447,261,10565,563,0.847189695550,0.719900497512,0.961262618186,0.741131694660,0.692039800995,1750165.000000000000,350033.000000000000,350268.000000000000,3138,1391,2010
C1,NaiveBayes,10,12836,750,694,10132,1260,0.519390581717,0.373134328358,0.804624393275,0.349049785387,0.198009950249,1750165.000000000000,350033.000000000000,350417.000000000000,935,398,2010
C1,IBk,10,12836,1309,680,10146,701,0.658119658120,0.651243781095,0.803334564936,0.590945911544,0.529850746269,1750165.000000000000,350033.000000000000,350122.000000000000,1717,1065,2010
C2,RandomForest,10,12836,1343,476,10350,667,0.738317757009,0.668159203980,0.943917329113,0.649313625962,0.674626865672,1750165.000000000000,350033.000000000000,350423.000000000000,2890,1356,2010
C2,NaiveBayes,10,12836,698,565,10261,1312,0.552652414885,0.347263681592,0.797205892760,0.347686669175,0.210447761194,1750165.000000000000,350033.000000000000,350132.000000000000,908,423,2010
C2,IBk,10,12836,1312,538,10288,698,0.709189189189,0.652736318408,0.902922483463,0.623241247439,0.628855721393,1750165.000000000000,350033.000000000000,350658.000000000000,2102,1264,2010
C3,RandomForest,10,12836,1596,443,10383,414,0.782736635606,0.794029850746,0.963268936125,0.748711491161,0.689054726368,1750165.000000000000,350033.000000000000,350138.000000000000,3528,1385,2010
C3,NaiveBayes,10,12836,804,772,10054,1206,0.510152284264,0.400000000000,0.805922976104,0.360372663372,0.212935323383,1750165.000000000000,350033.000000000000,350639.000000000000,1050,428,2010
C3,IBk,10,12836,1463,962,9864,547,0.603298969072,0.727860696517,0.828391733371,0.589447459429,0.561691542289,1750165.000000000000,350033.000000000000,350411.000000000000,2031,1129,2010
C4,RandomForest,10,12836,1525,662,10164,485,0.697302240512,0.758706467662,0.943366554444,0.673412132024,0.680099502488,1750165.000000000000,350033.000000000000,350593.000000000000,3119,1367,2010
C4,NaiveBayes,10,12836,780,715,10111,1230,0.521739130435,0.388059701493,0.797469814239,0.359521788966,0.269154228856,1750165.000000000000,350033.000000000000,350335.000000000000,1275,541,2010
C4,IBk,10,12836,1513,730,10096,497,0.674543022737,0.752736318408,0.909654388321,0.654418131765,0.643781094527,1750165.000000000000,350033.000000000000,350311.000000000000,2242,1294,2010
